"point_id","plot","easting_m","northing_m","pi_mpb_killed","pi_mpb_killed_pc","NDMI_2003","NDMI_2005","NDMI_2006","NDMI_2007","NDMI_2008","NDMI_2009","NDMI_2010","NDMI_2011","NDMI_2012","NDMI_2013","NDMI_2014"
1,1,524683.792,5447133.253,15.0241928019693,84.9091941165153,0.483670026063919,0.479346752166748,0.454188108444214,0.458674758672714,0.459284752607346,0.486239522695541,0.713840067386627,0.522000133991241,0.50672835111618,0.530042409896851,0.506684064865112
2,1,524652.042,5447134.576,15.0241928019693,84.9091941165153,0.483670026063919,0.479346752166748,0.454188108444214,0.458674758672714,0.459284752607346,0.486239522695541,0.713840067386627,0.522000133991241,0.50672835111618,0.530042409896851,0.506684064865112
3,1,524684.123,5447110.433,15.0241928019693,84.9091941165153,0.483670026063919,0.479346752166748,0.454188108444214,0.458674758672714,0.459284752607346,0.486239522695541,0.713840067386627,0.522000133991241,0.50672835111618,0.530042409896851,0.506684064865112
4,1,524653.695,5447110.102,15.0241928019693,84.9091941165153,0.483670026063919,0.479346752166748,0.454188108444214,0.458674758672714,0.459284752607346,0.486239522695541,0.713840067386627,0.522000133991241,0.50672835111618,0.530042409896851,0.506684064865112
5,2,524684.123,5447073.391,39.7510178591308,80.6718155584882,0.331355214118958,0.312943518161774,0.326572805643082,0.224371120333672,0.259986519813538,0.292975336313248,0.466822445392609,0.326983392238617,0.292935431003571,0.332041442394257,0.332408607006073
6,2,524652.373,5447074.714,39.7510178591308,80.6718155584882,0.331355214118958,0.312943518161774,0.326572805643082,0.224371120333672,0.259986519813538,0.292975336313248,0.466822445392609,0.326983392238617,0.292935431003571,0.332041442394257,0.332408607006073
7,2,524684.453,5447050.571,39.7510178591308,80.6718155584882,0.331355214118958,0.312943518161774,0.326572805643082,0.224371120333672,0.259986519813538,0.292975336313248,0.466822445392609,0.326983392238617,0.292935431003571,0.332041442394257,0.332408607006073
8,2,524654.026,5447050.24,39.7510178591308,80.6718155584882,0.331355214118958,0.312943518161774,0.326572805643082,0.224371120333672,0.259986519813538,0.292975336313248,0.466822445392609,0.326983392238617,0.292935431003571,0.332041442394257,0.332408607006073
9,3,524300.674,5447340.687,37.2124167088095,80.7369574840845,0.45753288269043,0.442701786756516,0.410535961389542,0.409310936927795,0.445031940937042,0.440707683563232,0.47359049320221,0.443359792232513,0.445694774389267,0.491601586341858,0.488665014505386
10,3,524268.924,5447342.01,37.2124167088095,80.7369574840845,0.464461654424667,0.418761909008026,0.421382069587708,0.429910510778427,0.461324036121368,0.431021958589554,0.4363893866539,0.478069990873337,0.449995398521423,0.500385761260986,0.480098783969879
11,3,524301.005,5447317.866,37.2124167088095,80.7369574840845,0.45753288269043,0.442701786756516,0.410535961389542,0.409310936927795,0.445031940937042,0.440707683563232,0.47359049320221,0.443359792232513,0.445694774389267,0.491601586341858,0.488665014505386
12,3,524270.578,5447317.536,37.2124167088095,80.7369574840845,0.464461654424667,0.418761909008026,0.421382069587708,0.429910510778427,0.461324036121368,0.431021958589554,0.4363893866539,0.478069990873337,0.449995398521423,0.500385761260986,0.480098783969879
13,4,524357.825,5447399.954,24.519410957203,82.8216273785474,0.512850761413574,0.50517350435257,0.457307696342468,0.500289797782898,0.487449526786804,0.495124489068985,0.508012354373932,0.543797850608826,0.5107182264328,0.529167592525482,0.511672914028168
14,4,524326.074,5447401.277,24.519410957203,82.8216273785474,0.511223793029785,0.511810660362244,0.494724124670029,0.486669957637787,0.491060853004456,0.503178596496582,0.504152595996857,0.535175085067749,0.505845367908478,0.534842073917389,0.532753169536591
15,4,524358.155,5447377.133,24.519410957203,82.8216273785474,0.486800760030746,0.492359578609467,0.462663173675537,0.462131261825562,0.477935701608658,0.474623411893845,0.49901819229126,0.505223572254181,0.502547323703766,0.53045254945755,0.512500703334808
16,4,524327.728,5447376.802,24.519410957203,82.8216273785474,0.481333702802658,0.51595538854599,0.495064437389374,0.484516203403473,0.492198020219803,0.470555067062378,0.494153767824173,0.505691707134247,0.512280642986298,0.537978887557983,0.512847781181335
17,5,524301.733,5447402.07,6.64870741023682,89.0634714879892,0.548917949199677,0.525301098823547,0.501134097576141,0.51334273815155,0.50029045343399,0.515997886657715,0.499777615070343,0.506737589836121,0.521496832370758,0.539243400096893,0.512025117874146
18,5,524269.983,5447403.393,6.64870741023682,89.0634714879892,0.51575380563736,0.52981835603714,0.514162659645081,0.488557457923889,0.512366414070129,0.509790003299713,0.510560810565948,0.499610632658005,0.517452597618103,0.539205491542816,0.518714129924774
19,5,524302.063,5447379.25,6.64870741023682,89.0634714879892,0.548917949199677,0.525301098823547,0.501134097576141,0.51334273815155,0.50029045343399,0.515997886657715,0.499777615070343,0.506737589836121,0.521496832370758,0.539243400096893,0.512025117874146
20,5,524271.636,5447378.919,6.64870741023682,89.0634714879892,0.51575380563736,0.52981835603714,0.514162659645081,0.488557457923889,0.512366414070129,0.509790003299713,0.510560810565948,0.499610632658005,0.517452597618103,0.539205491542816,0.518714129924774
21,6,524359.941,5447463.454,6.32572524120759,89.2954419375831,0.481018900871277,0.46303379535675,0.433770090341568,0.445508480072021,0.420429766178131,0.447663694620132,0.466734170913696,0.477521479129791,0.475893616676331,0.515188992023468,0.502269148826599
22,6,524328.191,5447464.777,6.32572524120759,89.2954419375831,0.456782579421997,0.416253805160522,0.41593536734581,0.431862473487854,0.413426280021667,0.421965420246124,0.442165464162827,0.442732453346252,0.449787765741348,0.428027302026749,0.445512264966965
23,6,524360.272,5447440.633,6.32572524120759,89.2954419375831,0.481018900871277,0.46303379535675,0.433770090341568,0.445508480072021,0.420429766178131,0.447663694620132,0.466734170913696,0.477521479129791,0.475893616676331,0.515188992023468,0.502269148826599
24,6,524329.845,5447440.303,6.32572524120759,89.2954419375831,0.456782579421997,0.416253805160522,0.41593536734581,0.431862473487854,0.413426280021667,0.421965420246124,0.442165464162827,0.442732453346252,0.449787765741348,0.428027302026749,0.445512264966965
25,7,524273.158,5447606.064,4.79519411651529,90.5771284723991,0.516815423965454,0.461746603250504,0.450433045625687,0.498336613178253,0.443562984466553,0.484134703874588,0.500018775463104,0.484611004590988,0.467617750167847,0.52909505367279,0.517695844173431
26,7,524241.408,5447607.387,4.79519411651529,90.5771284723991,0.518465220928192,0.477049142122269,0.492718756198883,0.488557457923889,0.478173404932022,0.464870303869247,0.494506776332855,0.52257776260376,0.498333483934402,0.529025673866272,0.514200210571289
27,7,524273.488,5447583.244,4.79519411651529,90.5771284723991,0.495938241481781,0.448359757661819,0.461082518100739,0.487399101257324,0.444158643484116,0.460983633995056,0.472564101219177,0.513615548610687,0.459181070327759,0.521244466304779,0.500913500785828
28,7,524243.061,5447582.913,4.79519411651529,90.5771284723991,0.528000891208649,0.481070876121521,0.454129129648209,0.496241450309753,0.494642555713654,0.505619645118713,0.499817728996277,0.499507337808609,0.512172162532806,0.524576723575592,0.513645529747009
29,8,523975.236,5447606.329,2.70762737854738,90.6412201597734,0.508018374443054,0.422620385885239,0.386584997177124,0.412441790103912,0.416695207357407,0.38762766122818,0.474190086126328,0.413464665412903,0.451296657323837,0.432391166687012,0.413937509059906
30,8,523943.486,5447607.652,2.70762737854738,90.6412201597734,0.528316557407379,0.503896713256836,0.476942867040634,0.477595210075378,0.477862238883972,0.517402231693268,0.521489143371582,0.491881966590881,0.496674418449402,0.516619920730591,0.495931565761566
31,8,523975.567,5447583.509,2.70762737854738,90.6412201597734,0.495284080505371,0.36884617805481,0.388632416725159,0.388664245605469,0.391111552715302,0.372343391180038,0.425088763237,0.426738232374191,0.474784672260284,0.449066489934921,0.431181013584137
32,8,523945.14,5447583.178,2.70762737854738,90.6412201597734,0.509522795677185,0.419047147035599,0.432471752166748,0.416945368051529,0.397458255290985,0.434036761522293,0.479656904935837,0.47957444190979,0.460842072963715,0.46944272518158,0.4660364985466
33,9,523918.086,5447607.123,2.40276885946298,91.692429154288,0.573730051517487,0.545282244682312,0.501360058784485,0.521708190441132,0.54966813325882,0.521466970443726,0.54740560054779,0.545443713665009,0.513522624969482,0.551313877105713,0.530761063098907
34,9,523886.336,5447608.446,2.40276885946298,91.692429154288,0.463003396987915,0.424290478229523,0.397366851568222,0.461650341749191,0.435757219791412,0.434912741184235,0.411195755004883,0.459977388381958,0.474123388528824,0.462931305170059,0.462794452905655
35,9,523918.417,5447584.302,2.40276885946298,91.692429154288,0.508634746074677,0.451369374990463,0.455778419971466,0.475533157587051,0.475208699703217,0.454351395368576,0.5040442943573,0.492157638072968,0.475351899862289,0.502820730209351,0.494545102119446
36,9,523887.99,5447583.972,2.40276885946298,91.692429154288,0.381501287221909,0.315755069255829,0.32432895898819,0.346727937459946,0.304564744234085,0.290952950716019,0.372142940759659,0.329047709703445,0.362222254276276,0.344766467809677,0.351166933774948
37,10,523820.455,5447546.004,9.18144193758311,88.4778213100947,0.499650001525879,0.411765903234482,0.398806750774384,0.430612474679947,0.440775126218796,0.476444244384766,0.449012875556946,0.476085692644119,0.48071300983429,0.487825781106949,0.480256289243698
38,10,523788.705,5447547.327,9.18144193758311,88.4778213100947,0.499650001525879,0.411765903234482,0.398806750774384,0.430612474679947,0.440775126218796,0.476444244384766,0.449012875556946,0.476085692644119,0.48071300983429,0.487825781106949,0.480256289243698
39,10,523820.785,5447523.184,9.18144193758311,88.4778213100947,0.491293221712112,0.470720827579498,0.440852344036102,0.440205156803131,0.44248166680336,0.454091906547546,0.472308546304703,0.484093517065048,0.485298037528992,0.48450243473053,0.477539539337158
40,10,523790.358,5447522.853,9.18144193758311,88.4778213100947,0.491293221712112,0.470720827579498,0.440852344036102,0.440205156803131,0.44248166680336,0.454091906547546,0.472308546304703,0.484093517065048,0.485298037528992,0.48450243473053,0.477539539337158
41,11,523760.13,5447545.21,1.58222089522678,92.3915414763885,0.508173406124115,0.45248544216156,0.422722816467285,0.457692801952362,0.458954423666,0.474321603775024,0.460345178842545,0.469921976327896,0.501503884792328,0.471081763505936,0.479587197303772
42,11,523728.38,5447546.533,1.58222089522678,92.3915414763885,0.525984764099121,0.436718791723251,0.45033586025238,0.435991704463959,0.442524552345276,0.449885934591293,0.461226671934128,0.492413848638535,0.450028568506241,0.46662825345993,0.474356263875961
43,11,523760.46,5447522.39,1.58222089522678,92.3915414763885,0.50092339515686,0.431765258312225,0.442559033632278,0.442406207323074,0.441382348537445,0.481571197509766,0.459277898073196,0.47485476732254,0.49480739235878,0.476293087005615,0.481115311384201
44,11,523730.033,5447522.059,1.58222089522678,92.3915414763885,0.498671680688858,0.438185751438141,0.411126136779785,0.44665914773941,0.436776280403137,0.419464409351349,0.441247135400772,0.430684119462967,0.475547343492508,0.451861411333084,0.453307390213013
45,12,523702.186,5447488.854,1.3616191353309,92.5614495204142,0.42133754491806,0.372474491596222,0.367981970310211,0.361462712287903,0.366236209869385,0.409297049045563,0.368067026138306,0.409063011407852,0.421115100383759,0.404024243354797,0.416717946529388
46,12,523670.436,5447490.177,1.3616191353309,92.5614495204142,0.443476438522339,0.401047974824905,0.437807619571686,0.352030664682388,0.417149245738983,0.411839663982391,0.360829174518585,0.434780180454254,0.414307057857513,0.4036605656147,0.401146918535233
47,12,523702.516,5447466.033,1.3616191353309,92.5614495204142,0.42133754491806,0.372474491596222,0.367981970310211,0.361462712287903,0.366236209869385,0.409297049045563,0.368067026138306,0.409063011407852,0.421115100383759,0.404024243354797,0.416717946529388
48,12,523672.089,5447465.703,1.3616191353309,92.5614495204142,0.443476438522339,0.401047974824905,0.437807619571686,0.352030664682388,0.417149245738983,0.411839663982391,0.360829174518585,0.434780180454254,0.414307057857513,0.4036605656147,0.401146918535233
49,13,523648.211,5447487.266,11.578429154288,86.7801906400317,0.41564467549324,0.38469409942627,0.367842525243759,0.384473115205765,0.365990847349167,0.396316111087799,0.403396546840668,0.396699696779251,0.409113973379135,0.408814549446106,0.4056775867939
50,13,523616.461,5447488.589,11.578429154288,86.7801906400317,0.464142560958862,0.420568287372589,0.423574805259705,0.407350331544876,0.428969949483871,0.413046956062317,0.455234467983246,0.419246464967728,0.427564084529877,0.436838001012802,0.44704607129097
51,13,523648.541,5447464.446,11.578429154288,86.7801906400317,0.41564467549324,0.38469409942627,0.367842525243759,0.384473115205765,0.365990847349167,0.396316111087799,0.403396546840668,0.396699696779251,0.409113973379135,0.408814549446106,0.4056775867939
52,13,523618.114,5447464.115,11.578429154288,86.7801906400317,0.464142560958862,0.420568287372589,0.423574805259705,0.407350331544876,0.428969949483871,0.413046956062317,0.455234467983246,0.419246464967728,0.427564084529877,0.436838001012802,0.44704607129097
53,14,523441.041,5447636.492,12.2775414763885,86.7627074102368,0.382566004991531,0.358548432588577,0.339498370885849,0.33469220995903,0.34280800819397,0.372482389211655,0.422885417938232,0.403242468833923,0.405866086483002,0.403109967708588,0.393691182136536
54,14,523409.291,5447637.814,12.2775414763885,86.7627074102368,0.346316754817963,0.318293809890747,0.309436291456223,0.298171639442444,0.288888692855835,0.313027411699295,0.33637934923172,0.36663743853569,0.372661679983139,0.365429759025574,0.370105624198914
55,14,523441.372,5447613.671,12.2775414763885,86.7627074102368,0.382566004991531,0.358548432588577,0.339498370885849,0.33469220995903,0.34280800819397,0.372482389211655,0.422885417938232,0.403242468833923,0.405866086483002,0.403109967708588,0.393691182136536
56,14,523410.945,5447613.34,12.2775414763885,86.7627074102368,0.346316754817963,0.318293809890747,0.309436291456223,0.298171639442444,0.288888692855835,0.313027411699295,0.33637934923172,0.36663743853569,0.372661679983139,0.365429759025574,0.370105624198914
57,15,524064.136,5447756.877,0.622957484084543,97.850410957203,0.510509788990021,0.50046980381012,0.469567060470581,0.473643571138382,0.466011762619019,0.467921614646912,0.526648283004761,0.476177334785461,0.510132908821106,0.494948744773865,0.482296288013458
58,15,524032.386,5447758.2,0.622957484084543,97.850410957203,0.48954850435257,0.458889871835709,0.474974513053894,0.450137883424759,0.418209165334702,0.444736808538437,0.494629681110382,0.477358877658844,0.494188666343689,0.498214960098267,0.484759569168091
59,15,524064.467,5447734.057,0.622957484084543,97.850410957203,0.529497861862183,0.485402643680573,0.474735200405121,0.467802345752716,0.479964226484299,0.471323400735855,0.501281440258026,0.528707325458527,0.532390296459198,0.522445857524872,0.494767725467682
60,15,524034.04,5447733.726,0.622957484084543,97.850410957203,0.528851449489594,0.475433319807053,0.43584081530571,0.433028131723404,0.481931209564209,0.480392396450043,0.489232063293457,0.526719331741333,0.512400150299072,0.521549820899963,0.499543815851212
61,16,523322.243,5448286.31,8.94947148798914,88.3551928019693,0.421135187149048,0.410591393709183,0.420908153057098,0.421560943126678,0.392199814319611,0.388167411088943,0.426941007375717,0.426324963569641,0.442807823419571,0.434880316257477,0.410534530878067
62,16,523290.493,5448287.632,8.94947148798914,88.3551928019693,0.456846594810486,0.453159272670746,0.440604209899902,0.45137694478035,0.388202458620071,0.442785352468491,0.463985413312912,0.451401025056839,0.455367684364319,0.483114212751389,0.475614815950394
63,16,523322.574,5448263.489,8.94947148798914,88.3551928019693,0.428848206996918,0.399699091911316,0.426756322383881,0.407870531082153,0.359188973903656,0.386583387851715,0.418966084718704,0.426550894975662,0.434044659137726,0.459180504083633,0.422568082809448
64,16,523292.147,5448263.158,8.94947148798914,88.3551928019693,0.356776207685471,0.354111313819885,0.350123792886734,0.300645381212234,0.262564033269882,0.342335194349289,0.342363119125366,0.33683905005455,0.371020048856735,0.397221326828003,0.37846714258194
69,18,523503.219,5447903.721,26.7821906400317,82.516768859463,0.361937522888184,0.302744001150131,0.291188031435013,0.30109766125679,0.290130496025085,0.324717849493027,0.324648827314377,0.370507955551147,0.362092524766922,0.414531826972961,0.38604462146759
70,18,523471.469,5447905.044,26.7821906400317,82.516768859463,0.330769598484039,0.277236670255661,0.296153366565704,0.275200843811035,0.249442368745804,0.283809036016464,0.30406978726387,0.330023020505905,0.31882306933403,0.316072702407837,0.338163793087006
71,18,523503.549,5447880.901,26.7821906400317,82.516768859463,0.341910868883133,0.329316526651382,0.350992321968079,0.363859593868256,0.284006267786026,0.32793515920639,0.361225664615631,0.365894377231598,0.351851224899292,0.39620715379715,0.376939326524734
72,18,523473.122,5447880.57,26.7821906400317,82.516768859463,0.363610565662384,0.359007894992828,0.365551441907883,0.367417097091675,0.321187704801559,0.341871231794357,0.375333696603775,0.385022848844528,0.375645339488983,0.403081059455872,0.382367104291916
73,19,523560.104,5447903.721,42.2896190094521,80.3480178591308,0.37084111571312,0.377399027347565,0.367861986160278,0.362946420907974,0.318809121847153,0.350005447864532,0.400904566049576,0.34088146686554,0.40245994925499,0.413498938083649,0.40505388379097
74,19,523528.354,5447905.044,42.2896190094521,80.3480178591308,0.370622307062149,0.334460496902466,0.34376049041748,0.315974235534668,0.32547402381897,0.311147511005402,0.369182050228119,0.370112270116806,0.376464158296585,0.405621498823166,0.383628308773041
75,19,523560.435,5447880.901,42.2896190094521,80.3480178591308,0.416973918676376,0.387935996055603,0.379634439945221,0.371223479509354,0.397076576948166,0.39021572470665,0.41678524017334,0.376360654830933,0.411627769470215,0.432358652353287,0.426664978265762
76,19,523530.008,5447880.57,42.2896190094521,80.3480178591308,0.360444247722626,0.358529776334763,0.337496489286423,0.3453089594841,0.293140709400177,0.320478796958923,0.375338643789291,0.344263046979904,0.356858551502228,0.375278234481812,0.387480080127716
77,20,523796.907,5448526.023,32.1352144081669,81.4756191353309,0.439566880464554,0.313639789819717,0.300975739955902,0.307247549295425,0.317253947257996,0.376504272222519,0.432908713817596,0.412229597568512,0.478804051876068,0.451754301786423,0.428095191717148
78,20,523765.157,5448527.345,32.1352144081669,81.4756191353309,0.443258315324783,0.362438052892685,0.376895070075989,0.380299925804138,0.377204537391663,0.4428371489048,0.428719788789749,0.378016859292984,0.478361994028091,0.468381106853485,0.477649092674255
79,20,523797.237,5448503.202,32.1352144081669,81.4756191353309,0.484320610761642,0.384493231773376,0.372304439544678,0.424823015928268,0.41236412525177,0.444388777017593,0.453078716993332,0.365912824869156,0.497177183628082,0.49446028470993,0.44693586230278
80,20,523766.81,5448502.871,32.1352144081669,81.4756191353309,0.490967988967896,0.413490682840347,0.391260266304016,0.448893547058105,0.398947209119797,0.428417533636093,0.5067258477211,0.401529520750046,0.492680460214615,0.499327719211578,0.487589091062546
81,21,523946.132,5448579.998,27.0580121075243,82.4046190094521,0.490118324756622,0.392623692750931,0.401121556758881,0.404784798622131,0.337516278028488,0.411662608385086,0.460323661565781,0.422928243875504,0.490460932254791,0.471865355968475,0.475587129592896
82,21,523914.382,5448581.321,27.0580121075243,82.4046190094521,0.454229652881622,0.232760325074196,0.274221926927567,0.306679159402847,0.301695317029953,0.29458549618721,0.42843496799469,0.272073864936829,0.461626410484314,0.383065730333328,0.382423520088196
83,21,523946.463,5448557.177,27.0580121075243,82.4046190094521,0.496547758579254,0.42010310292244,0.430614441633224,0.449338972568512,0.394963711500168,0.431364059448242,0.435364991426468,0.432253479957581,0.521452903747559,0.505787312984467,0.477003276348114
84,21,523916.036,5448556.847,27.0580121075243,82.4046190094521,0.476026564836502,0.397171825170517,0.396935880184174,0.409457117319107,0.388839423656464,0.409756392240524,0.453279465436935,0.408216595649719,0.497641712427139,0.486623346805573,0.448261708021164
86,22,523976.295,5448643.233,29.5966132578456,81.6962208952268,0.181085377931595,0.0197510775178671,0.0248093213886023,0.0565302334725857,0.0794606283307076,0.10944189876318,0.254209250211716,0.180907130241394,0.262136727571487,0.23436538875103,0.214327096939087
88,22,523977.948,5448618.759,29.5966132578456,81.6962208952268,0.17965729534626,0.147644832730293,0.152498364448547,0.148541197180748,0.196767568588257,0.177269592881203,0.314143389463425,0.190290048718452,0.275309979915619,0.291650325059891,0.248344391584396
89,23,523323.831,5448232.334,15.6960379933792,83.0254167088095,0.4212646484375,0.414823710918427,0.41485184431076,0.412039697170258,0.314943671226501,0.379809349775314,0.401091694831848,0.397310256958008,0.421705305576324,0.456877440214157,0.413362890481949
90,23,523292.081,5448233.657,15.6960379933792,83.0254167088095,0.309933483600616,0.255939424037933,0.28899621963501,0.297567248344421,0.198628529906273,0.256534606218338,0.326444953680038,0.318684697151184,0.23230741918087,0.335049331188202,0.320495098829269
91,23,523324.162,5448209.514,15.6960379933792,83.0254167088095,0.499714642763138,0.435702204704285,0.449464738368988,0.409805059432983,0.333622574806213,0.439960658550262,0.433039933443069,0.367804288864136,0.447675108909607,0.488273620605469,0.435668349266052
92,23,523293.734,5448209.183,15.6960379933792,83.0254167088095,0.376601696014404,0.328642338514328,0.301108837127686,0.290259838104248,0.202339380979538,0.288915306329727,0.334044933319092,0.293308943510056,0.337194979190826,0.353563249111176,0.344860553741455
93,24,523325.418,5448167.247,12.4474495204142,86.4397252412076,0.446386426687241,0.412559151649475,0.437027901411057,0.417201668024063,0.360632359981537,0.414380013942719,0.436203479766846,0.396604895591736,0.422939866781235,0.454433470964432,0.441545963287354
94,24,523293.668,5448168.57,12.4474495204142,86.4397252412076,0.398626506328583,0.374767601490021,0.348887771368027,0.352259457111359,0.32665354013443,0.342516034841537,0.385645478963852,0.348643690347672,0.385787785053253,0.416984260082245,0.403642684221268
95,24,523325.749,5448144.426,12.4474495204142,86.4397252412076,0.40416431427002,0.368678122758865,0.368436247110367,0.341336339712143,0.327416270971298,0.366182446479797,0.400263220071793,0.359944134950638,0.37261763215065,0.372525006532669,0.384608954191208
96,24,523295.322,5448144.096,12.4474495204142,86.4397252412076,0.363986670970917,0.316854238510132,0.349632620811462,0.335290938615799,0.290031522512436,0.323025286197662,0.360357195138931,0.347939491271973,0.372814685106277,0.384317666292191,0.40433406829834
97,25,523384.156,5448168.834,10.4631284723991,87.0560121075243,0.389798551797867,0.385927319526672,0.363151133060455,0.343835890293121,0.272441953420639,0.368927389383316,0.391258090734482,0.3587626516819,0.366388916969299,0.36231940984726,0.374588370323181
98,25,523352.406,5448170.157,10.4631284723991,87.0560121075243,0.38192954659462,0.380743682384491,0.375031739473343,0.364804774522781,0.306585848331451,0.366493910551071,0.379395097494125,0.337807506322861,0.404828250408173,0.402924865484238,0.386568605899811
99,25,523384.487,5448146.014,10.4631284723991,87.0560121075243,0.335694342851639,0.325389593839645,0.323386430740356,0.29791796207428,0.237811580300331,0.314016222953796,0.333129405975342,0.315502882003784,0.305158048868179,0.326661378145218,0.332509934902191
100,25,523354.059,5448145.683,10.4631284723991,87.0560121075243,0.327202439308167,0.385927319526672,0.341842114925385,0.348018735647202,0.307585328817368,0.319363921880722,0.344439297914505,0.26914581656456,0.350192576646805,0.340263813734055,0.340566337108612
101,26,523447.656,5448225.984,47.3668213100947,75.4096132578456,0.416164308786392,0.397583425045013,0.356317490339279,0.373642772436142,0.349656701087952,0.390395313501358,0.397880703210831,0.363490104675293,0.411739587783813,0.406512379646301,0.41393193602562
102,26,523415.906,5448227.307,47.3668213100947,75.4096132578456,0.440811097621918,0.430025398731232,0.392176359891891,0.414176672697067,0.402566343545914,0.420977801084518,0.441439241170883,0.398752927780151,0.434018850326538,0.429607003927231,0.432376831769943
103,26,523447.987,5448203.164,47.3668213100947,75.4096132578456,0.445987910032272,0.39701372385025,0.435839712619781,0.39152130484581,0.391271412372589,0.419347703456879,0.432933837175369,0.38917863368988,0.419294506311417,0.440950959920883,0.433896660804749
104,26,523417.56,5448202.833,47.3668213100947,75.4096132578456,0.497921288013458,0.423784196376801,0.431742489337921,0.42126339673996,0.437121003866196,0.436646372079849,0.461420506238937,0.418990403413773,0.436843127012253,0.473885238170624,0.467330694198608
105,27,523501.631,5448316.472,44.8282201597734,77.9482144081669,0.472469568252563,0.483138859272003,0.468481808900833,0.474835127592087,0.421903699636459,0.497296392917633,0.511070668697357,0.457765221595764,0.488256931304932,0.50836968421936,0.484896034002304
106,27,523469.881,5448317.795,44.8282201597734,77.9482144081669,0.463290125131607,0.432420074939728,0.466014176607132,0.470225185155869,0.397750377655029,0.475980937480927,0.483422875404358,0.457242965698242,0.494994461536407,0.473139882087708,0.455281674861908
107,27,523501.962,5448293.652,44.8282201597734,77.9482144081669,0.466485649347305,0.422485619783401,0.476884216070175,0.435741662979126,0.417525678873062,0.445719718933105,0.460419267416,0.435016870498657,0.462416738271713,0.478044837713242,0.448966413736343
108,27,523471.535,5448293.321,44.8282201597734,77.9482144081669,0.444892764091492,0.394195348024368,0.475186288356781,0.401001542806625,0.378426402807236,0.43962374329567,0.446553111076355,0.423958450555801,0.456565588712692,0.445861041545868,0.446135252714157
109,28,523500.044,5448375.21,1.17537001725943,95.2830379933792,0.483640283346176,0.482132196426392,0.495606154203415,0.493829548358917,0.442336469888687,0.492850542068481,0.506811201572418,0.448925584554672,0.506745219230652,0.521997928619385,0.503497660160065
110,28,523468.294,5448376.533,1.17537001725943,95.2830379933792,0.48641848564148,0.445566564798355,0.478202342987061,0.463288933038712,0.409513622522354,0.502987742424011,0.48298254609108,0.474498510360718,0.504262864589691,0.511157393455505,0.473217159509659
111,28,523500.374,5448352.389,1.17537001725943,95.2830379933792,0.491816520690918,0.463285773992538,0.504291772842407,0.459570795297623,0.424642503261566,0.481520920991898,0.466508120298386,0.488406717777252,0.490090012550354,0.503610908985138,0.493357449769974
112,28,523469.947,5448352.059,1.17537001725943,95.2830379933792,0.471895426511765,0.477304905653,0.497257679700851,0.485536068677902,0.442394226789474,0.476654201745987,0.519312560558319,0.4847052693367,0.508260846138,0.499920874834061,0.477228611707687
