"year","epoch","start","sensor","index","n_plots","r_m2","r_pc","abs_m2","abs_pc"
2013,3,"2013-06-02","LC08","TCW",21,0.496972108880176,-0.509368145233446,0.496972108880176,0.509368145233446
2013,3,"2013-06-02","LC08","NDMI",21,0.45212713875546,-0.444404586155981,0.45212713875546,0.444404586155981
2013,3,"2013-06-02","LC08","MSI",21,-0.45212713875546,0.444404586155981,0.45212713875546,0.444404586155981
2013,3,"2013-06-02","LC08","NDVI",21,0.443246722243149,-0.431078571440995,0.443246722243149,0.431078571440995
2013,3,"2013-06-02","LC08","NBR",21,0.430830052841164,-0.426030469640908,0.430830052841164,0.426030469640908
2013,3,"2013-06-02","LC08","RGI",21,-0.424848481139682,0.412644773380446,0.424848481139682,0.412644773380446
2006,8,"2006-08-21","LT05","NDVI",26,0.409743706218718,-0.436390132407535,0.409743706218718,0.436390132407535
2003,3,"2003-06-02","LT05","RGI",20,-0.401658875373202,0.345733917687875,0.401658875373202,0.345733917687875
2009,2,"2009-05-17","LT05","NDMI",28,0.362661898241106,-0.422965975827882,0.362661898241106,0.422965975827882
2009,2,"2009-05-17","LT05","MSI",28,-0.362661898241106,0.422965975827882,0.362661898241106,0.422965975827882
2006,5,"2006-07-04","LT05","NDMI",27,0.360782013190783,-0.403824195925719,0.360782013190783,0.403824195925719
2006,5,"2006-07-04","LT05","MSI",27,-0.360782013190783,0.403824195925719,0.360782013190783,0.403824195925719
2003,3,"2003-06-02","LT05","NDVI",20,0.356985406092384,-0.406393553139402,0.356985406092384,0.406393553139402
2007,7,"2007-08-05","LT05","RGI",28,-0.353040523018203,0.290003983038825,0.353040523018203,0.290003983038825
2006,10,"2006-09-22","LT05","NDMI",28,0.351907173969559,-0.329105363868054,0.351907173969559,0.329105363868054
2006,10,"2006-09-22","LT05","MSI",28,-0.351907173969559,0.329105363868054,0.351907173969559,0.329105363868054
2009,2,"2009-05-17","LT05","RGI",28,0.351123297368801,-0.357063906686522,0.351123297368801,0.357063906686522
2009,2,"2009-05-17","LT05","TCW",28,0.348314538691347,-0.389731124415928,0.348314538691347,0.389731124415928
2003,9,"2003-09-06","LT05","TCW",28,0.342348326978137,-0.341237926454601,0.342348326978137,0.341237926454601
2009,2,"2009-05-17","LT05","NBR",28,0.336827628822563,-0.40438381197959,0.336827628822563,0.40438381197959
2014,4,"2014-06-18","LC08","TCW",28,0.331801123317301,-0.33720281728901,0.331801123317301,0.33720281728901
2013,8,"2013-08-21","LC08","RGI",28,-0.32986924730623,0.306159612031384,0.32986924730623,0.306159612031384
2006,10,"2006-09-22","LT05","NBR",28,0.328284851661039,-0.322124231595824,0.328284851661039,0.322124231595824
2006,10,"2006-09-22","LT05","NDVI",28,0.322891688826115,-0.317740494280528,0.322891688826115,0.317740494280528
2003,9,"2003-09-06","LT05","NDMI",28,0.318272646724569,-0.35811339776169,0.318272646724569,0.35811339776169
2003,9,"2003-09-06","LT05","MSI",28,-0.318272646724569,0.35811339776169,0.318272646724569,0.35811339776169
2003,9,"2003-09-06","LT05","RGI",28,0.316323561477139,-0.409087640818784,0.316323561477139,0.409087640818784
2007,5,"2007-07-04","LT05","RGI",28,-0.315132854742068,0.338180930272531,0.315132854742068,0.338180930272531
2020,10,"2020-09-21","LC08","RGI",28,-0.309902485455045,0.347554600855713,0.309902485455045,0.347554600855713
2007,5,"2007-07-04","LT05","NDMI",28,0.303558823344163,-0.310460992071505,0.303558823344163,0.310460992071505
2007,5,"2007-07-04","LT05","MSI",28,-0.303558823344163,0.310460992071505,0.303558823344163,0.310460992071505
2011,9,"2011-09-06","LT05","RGI",28,-0.302882897033619,0.318671892163093,0.302882897033619,0.318671892163093
2009,9,"2009-09-06","LT05","NDMI",28,0.302686898698192,-0.359061509201431,0.302686898698192,0.359061509201431
2009,9,"2009-09-06","LT05","MSI",28,-0.302686898698192,0.359061509201431,0.302686898698192,0.359061509201431
2007,7,"2007-08-05","LT05","NDMI",28,0.301971405785828,-0.295240703424352,0.301971405785828,0.295240703424352
2007,7,"2007-08-05","LT05","MSI",28,-0.301971405785828,0.295240703424352,0.301971405785828,0.295240703424352
2007,7,"2007-08-05","LT05","NBR",28,0.300442094289115,-0.27738012745548,0.300442094289115,0.27738012745548
2013,6,"2013-07-20","LC08","TCW",28,0.29982326569895,-0.31788639381047,0.29982326569895,0.31788639381047
2014,5,"2014-07-04","LC08","TCW",28,0.297847162491642,-0.300822842206065,0.297847162491642,0.300822842206065
2007,7,"2007-08-05","LT05","NDVI",28,0.297067781255438,-0.273237589148868,0.297067781255438,0.273237589148868
2009,4,"2009-06-18","LT05","RGI",28,-0.295576787146061,0.351717860567624,0.295576787146061,0.351717860567624
2007,5,"2007-07-04","LT05","TCW",28,0.295020661387903,-0.293405212475921,0.295020661387903,0.293405212475921
2007,5,"2007-07-04","LT05","NBR",28,0.294939160106479,-0.310837098718081,0.294939160106479,0.310837098718081
2013,5,"2013-07-04","LC08","TCW",28,0.294757482092904,-0.30208043007735,0.294757482092904,0.30208043007735
2006,2,"2006-05-17","LT05","NBR",24,0.290799717374386,-0.210007661781884,0.290799717374386,0.210007661781884
2009,9,"2009-09-06","LT05","NBR",28,0.290129583688511,-0.36475587035943,0.290129583688511,0.36475587035943
2006,5,"2006-07-04","LT05","NDVI",27,0.283494746408966,-0.292499708281208,0.283494746408966,0.292499708281208
2014,7,"2014-08-05","LC08","TCW",28,0.28183783318384,-0.288650996899796,0.28183783318384,0.288650996899796
2009,4,"2009-06-18","LT05","NBR",28,0.279945966434442,-0.334254680183522,0.279945966434442,0.334254680183522
2009,9,"2009-09-06","LT05","TCW",28,0.276893719503423,-0.308442141774331,0.276893719503423,0.308442141774331
2007,7,"2007-08-05","LT05","TCW",28,0.275467870878474,-0.255223043986123,0.275467870878474,0.255223043986123
2009,7,"2009-08-05","LT05","RGI",28,-0.275363524036521,0.356526557808178,0.275363524036521,0.356526557808178
2009,5,"2009-07-04","LT05","NDMI",28,0.275356159755052,-0.3218914652255,0.275356159755052,0.3218914652255
2009,5,"2009-07-04","LT05","MSI",28,-0.275356159755052,0.3218914652255,0.275356159755052,0.3218914652255
2010,4,"2010-06-18","LT05","NBR",28,0.27434508271225,-0.334216445605787,0.27434508271225,0.334216445605787
2006,1,"2006-05-01","LT05","NDVI",22,0.273641378103811,-0.294374259791467,0.273641378103811,0.294374259791467
2009,4,"2009-06-18","LT05","TCW",28,0.272612311795814,-0.318622799789153,0.272612311795814,0.318622799789153
2009,7,"2009-08-05","LT05","NBR",28,0.270810489374243,-0.323885930680575,0.270810489374243,0.323885930680575
2007,5,"2007-07-04","LT05","NDVI",28,0.270529527624415,-0.265972122902218,0.270529527624415,0.265972122902218
2006,10,"2006-09-22","LT05","TCW",28,0.270459893497713,-0.240499524891483,0.270459893497713,0.240499524891483
2010,4,"2010-06-18","LT05","NDMI",28,0.270363279903145,-0.328939269588189,0.270363279903145,0.328939269588189
2010,4,"2010-06-18","LT05","MSI",28,-0.270363279903145,0.328939269588189,0.270363279903145,0.328939269588189
2014,1,"2014-05-01","LC08","NDVI",20,0.269569621657843,-0.346255273335396,0.269569621657843,0.346255273335396
2013,6,"2013-07-20","LC08","RGI",28,-0.269537800166689,0.266662236586144,0.269537800166689,0.266662236586144
2014,5,"2014-07-04","LC08","RGI",28,-0.268970547043517,0.263536034354339,0.268970547043517,0.263536034354339
2009,4,"2009-06-18","LT05","NDMI",28,0.268169772116724,-0.330259623312714,0.268169772116724,0.330259623312714
2009,4,"2009-06-18","LT05","MSI",28,-0.268169772116724,0.330259623312714,0.268169772116724,0.330259623312714
2003,9,"2003-09-06","LT05","NDVI",28,-0.268031575345868,0.273943821928427,0.268031575345868,0.273943821928427
2010,4,"2010-06-18","LT05","TCW",28,0.267248373050063,-0.311627021773091,0.267248373050063,0.311627021773091
2014,7,"2014-08-05","LC08","RGI",28,-0.266615543951817,0.26688048502013,0.266615543951817,0.26688048502013
2006,4,"2006-06-18","LT05","NDVI",28,0.266124478585018,-0.300903182480851,0.266124478585018,0.300903182480851
2013,8,"2013-08-21","LC08","TCW",28,0.264794833836882,-0.275372751202647,0.264794833836882,0.275372751202647
2020,10,"2020-09-21","LC08","NDVI",28,0.264365047180372,-0.225085175662761,0.264365047180372,0.225085175662761
2007,6,"2007-07-20","LT05","NBR",28,0.264322740873669,-0.25963065841697,0.264322740873669,0.25963065841697
2013,5,"2013-07-04","LC08","RGI",28,-0.2638476553606,0.252597014153436,0.2638476553606,0.252597014153436
2008,9,"2008-09-05","LT05","NDMI",28,0.263757637957895,-0.311879048610901,0.263757637957895,0.311879048610901
2008,9,"2008-09-05","LT05","MSI",28,-0.263757637957895,0.311879048610901,0.263757637957895,0.311879048610901
2014,4,"2014-06-18","LC08","RGI",28,-0.257297489243773,0.250684842691698,0.257297489243773,0.250684842691698
2009,6,"2009-07-20","LT05","NDVI",28,0.25692549556436,-0.30776603260809,0.25692549556436,0.30776603260809
2009,9,"2009-09-06","LT05","NDVI",28,0.256016138567568,-0.320694090822569,0.256016138567568,0.320694090822569
2013,8,"2013-08-21","LC08","NDVI",28,0.254918291171154,-0.245137360420416,0.254918291171154,0.245137360420416
2007,6,"2007-07-20","LT05","NDMI",28,0.254481308563474,-0.248357520815757,0.254481308563474,0.248357520815757
2007,6,"2007-07-20","LT05","MSI",28,-0.254481308563474,0.248357520815757,0.254481308563474,0.248357520815757
2009,7,"2009-08-05","LT05","NDMI",28,0.254334464759425,-0.288138255302872,0.254334464759425,0.288138255302872
2009,7,"2009-08-05","LT05","MSI",28,-0.254334464759425,0.288138255302872,0.254334464759425,0.288138255302872
2006,2,"2006-05-17","LT05","RGI",24,-0.252121311915436,0.100612843134082,0.252121311915436,0.100612843134082
2009,7,"2009-08-05","LT05","TCW",28,0.251226919782658,-0.290525109791245,0.251226919782658,0.290525109791245
2006,8,"2006-08-21","LT05","NBR",26,0.250618631269425,-0.230982157285165,0.250618631269425,0.230982157285165
2010,7,"2010-08-05","LT05","NDMI",28,0.248950330302873,-0.301482424575839,0.248950330302873,0.301482424575839
2010,7,"2010-08-05","LT05","MSI",28,-0.248950330302873,0.301482424575839,0.248950330302873,0.301482424575839
2009,5,"2009-07-04","LT05","TCW",28,0.246465958567941,-0.290730134091102,0.246465958567941,0.290730134091102
2007,6,"2007-07-20","LT05","TCW",28,0.245570770124388,-0.230208958419695,0.245570770124388,0.230208958419695
2009,6,"2009-07-20","LT05","NBR",28,0.244087312804203,-0.278524835107036,0.244087312804203,0.278524835107036
2006,8,"2006-08-21","LT05","NDMI",26,0.242445044067179,-0.202131446875723,0.242445044067179,0.202131446875723
2006,8,"2006-08-21","LT05","MSI",26,-0.242445044067179,0.202131446875723,0.242445044067179,0.202131446875723
2007,6,"2007-07-20","LT05","NDVI",28,0.242324562667373,-0.230498277997967,0.242324562667373,0.230498277997967
2009,4,"2009-06-18","LT05","NDVI",28,0.240475783256575,-0.293788455771503,0.240475783256575,0.293788455771503
2014,1,"2014-05-01","LC08","TCW",20,-0.239665390976924,0.290241444655959,0.239665390976924,0.290241444655959
2003,6,"2003-07-20","LT05","RGI",22,0.237102462754993,-0.347264760888653,0.237102462754993,0.347264760888653
2006,2,"2006-05-17","LT05","NDMI",24,0.235751821183283,-0.138604831464162,0.235751821183283,0.138604831464162
2006,2,"2006-05-17","LT05","MSI",24,-0.235751821183283,0.138604831464162,0.235751821183283,0.138604831464162
2009,5,"2009-07-04","LT05","NDVI",28,0.234174726757143,-0.29333850413997,0.234174726757143,0.29333850413997
2009,5,"2009-07-04","LT05","NBR",28,0.232826631884478,-0.299185752246765,0.232826631884478,0.299185752246765
2010,7,"2010-08-05","LT05","NBR",28,0.231300432920384,-0.277720150031083,0.231300432920384,0.277720150031083
2010,4,"2010-06-18","LT05","NDVI",28,0.230901189217031,-0.304388771086797,0.230901189217031,0.304388771086797
2014,4,"2014-06-18","LC08","NDVI",28,0.230878927782533,-0.231908570750523,0.230878927782533,0.231908570750523
2009,6,"2009-07-20","LT05","NDMI",28,0.229639514829579,-0.260010286245514,0.229639514829579,0.260010286245514
2009,6,"2009-07-20","LT05","MSI",28,-0.229639514829579,0.260010286245514,0.229639514829579,0.260010286245514
2013,5,"2013-07-04","LC08","NDVI",28,0.226961593974489,-0.218862007060179,0.226961593974489,0.218862007060179
2014,4,"2014-06-18","LC08","NDMI",28,0.226862971920342,-0.217217078195989,0.226862971920342,0.217217078195989
2014,4,"2014-06-18","LC08","MSI",28,-0.226862971920342,0.217217078195989,0.226862971920342,0.217217078195989
2003,8,"2003-08-21","LT05","TCW",28,0.225913902776632,-0.211399290689304,0.225913902776632,0.211399290689304
2009,6,"2009-07-20","LT05","TCW",28,0.22579442652503,-0.256410372176343,0.22579442652503,0.256410372176343
2014,7,"2014-08-05","LC08","NDVI",28,0.223759391896912,-0.214993834411428,0.223759391896912,0.214993834411428
2010,7,"2010-08-05","LT05","TCW",28,0.222854663547221,-0.272903853511558,0.222854663547221,0.272903853511558
2013,5,"2013-07-04","LC08","NDMI",28,0.221425939236161,-0.193614786272015,0.221425939236161,0.193614786272015
2013,5,"2013-07-04","LC08","MSI",28,-0.221425939236161,0.193614786272015,0.221425939236161,0.193614786272015
2014,5,"2014-07-04","LC08","NDMI",28,0.219512015547587,-0.203038246922055,0.219512015547587,0.203038246922055
2014,5,"2014-07-04","LC08","MSI",28,-0.219512015547587,0.203038246922055,0.219512015547587,0.203038246922055
2011,7,"2011-08-05","LT05","TCW",28,0.218413802212712,-0.260790280922892,0.218413802212712,0.260790280922892
2006,1,"2006-05-01","LT05","NDMI",22,-0.215805216701968,0.345489012363552,0.215805216701968,0.345489012363552
2006,1,"2006-05-01","LT05","MSI",22,0.215805216701968,-0.345489012363552,0.215805216701968,0.345489012363552
2009,5,"2009-07-04","LT05","RGI",28,-0.214308077761964,0.266939704255996,0.214308077761964,0.266939704255996
2003,8,"2003-08-21","LT05","NBR",28,0.21265785779002,-0.233208944477677,0.21265785779002,0.233208944477677
2013,8,"2013-08-21","LC08","NDMI",28,0.211975798456203,-0.192124259300566,0.211975798456203,0.192124259300566
2013,8,"2013-08-21","LC08","MSI",28,-0.211975798456203,0.192124259300566,0.211975798456203,0.192124259300566
2010,7,"2010-08-05","LT05","NDVI",28,0.211558031537796,-0.262431332520522,0.211558031537796,0.262431332520522
2008,9,"2008-09-05","LT05","NBR",28,0.208659531923143,-0.245426140999019,0.208659531923143,0.245426140999019
2008,9,"2008-09-05","LT05","TCW",28,0.208650090907869,-0.231092746153286,0.208650090907869,0.231092746153286
2013,6,"2013-07-20","LC08","NDMI",28,0.207061015130355,-0.209383895515137,0.207061015130355,0.209383895515137
2013,6,"2013-07-20","LC08","MSI",28,-0.207061015130355,0.209383895515137,0.207061015130355,0.209383895515137
2005,10,"2005-09-22","LT05","NDVI",28,0.205614351614189,-0.257382880208953,0.205614351614189,0.257382880208953
2011,9,"2011-09-06","LT05","NDMI",28,0.205408475213218,-0.24750241005199,0.205408475213218,0.24750241005199
2011,9,"2011-09-06","LT05","MSI",28,-0.205408475213218,0.24750241005199,0.205408475213218,0.24750241005199
2007,9,"2007-09-06","LT05","TCW",28,0.204857847007064,-0.203763962910959,0.204857847007064,0.203763962910959
2013,5,"2013-07-04","LC08","NBR",28,0.204323316919701,-0.189589325841469,0.204323316919701,0.189589325841469
2006,1,"2006-05-01","LT05","TCW",22,-0.204127961475529,0.293391812401523,0.204127961475529,0.293391812401523
2003,9,"2003-09-06","LT05","NBR",28,0.202753829677619,-0.298252938504582,0.202753829677619,0.298252938504582
2014,4,"2014-06-18","LC08","NBR",28,0.202010394907138,-0.198973155507181,0.202010394907138,0.198973155507181
2020,6,"2020-07-19","LC08","TCW",28,0.200226919350806,-0.161422639050801,0.200226919350806,0.161422639050801
2020,8,"2020-08-20","LC08","NDVI",28,0.199985082092493,-0.158225587445407,0.199985082092493,0.158225587445407
2013,6,"2013-07-20","LC08","NDVI",28,0.199601874906893,-0.204803698591243,0.199601874906893,0.204803698591243
2011,7,"2011-08-05","LT05","NBR",28,0.198567018956337,-0.234709854977921,0.198567018956337,0.234709854977921
2007,1,"2007-05-01","LT05","RGI",28,-0.197097584815139,0.169206199767417,0.197097584815139,0.169206199767417
2013,6,"2013-07-20","LC08","NBR",28,0.196939907748843,-0.204562303954553,0.196939907748843,0.204562303954553
2005,10,"2005-09-22","LT05","RGI",28,-0.196867987595631,0.242470917681555,0.196867987595631,0.242470917681555
2014,7,"2014-08-05","LC08","NDMI",28,0.195888185373052,-0.166382058324743,0.195888185373052,0.166382058324743
2014,7,"2014-08-05","LC08","MSI",28,-0.195888185373052,0.166382058324743,0.195888185373052,0.166382058324743
2011,8,"2011-08-21","LT05","TCW",28,0.195618591349476,-0.237338430440901,0.195618591349476,0.237338430440901
2009,7,"2009-08-05","LT05","NDVI",28,0.194995383117203,-0.261783857492463,0.194995383117203,0.261783857492463
2013,8,"2013-08-21","LC08","NBR",28,0.192712108445626,-0.18323856500186,0.192712108445626,0.18323856500186
2008,3,"2008-06-01","LT05","NDVI",28,0.189881471347348,-0.211639362325602,0.189881471347348,0.211639362325602
2014,5,"2014-07-04","LC08","NBR",28,0.189428333585329,-0.178820836519042,0.189428333585329,0.178820836519042
2006,2,"2006-05-17","LT05","TCW",24,0.186991228913489,-0.0657475098918023,0.186991228913489,0.0657475098918023
2009,9,"2009-09-06","LT05","RGI",28,-0.18567264641464,0.277556426269211,0.18567264641464,0.277556426269211
2014,7,"2014-08-05","LC08","NBR",28,0.184287962914704,-0.165750143793506,0.184287962914704,0.165750143793506
2006,6,"2006-07-20","LT05","NBR",28,0.182278151366363,-0.149682961566477,0.182278151366363,0.149682961566477
2007,9,"2007-09-06","LT05","NDMI",28,0.181371128063723,-0.198064136406635,0.181371128063723,0.198064136406635
2007,9,"2007-09-06","LT05","MSI",28,-0.181371128063723,0.198064136406635,0.181371128063723,0.198064136406635
2003,8,"2003-08-21","LT05","NDMI",28,0.179549968656576,-0.198873842519589,0.179549968656576,0.198873842519589
2003,8,"2003-08-21","LT05","MSI",28,-0.179549968656576,0.198873842519589,0.179549968656576,0.198873842519589
2011,8,"2011-08-21","LT05","NBR",28,0.178557483608685,-0.219291294911666,0.178557483608685,0.219291294911666
2011,7,"2011-08-05","LT05","NDMI",28,0.178387035033304,-0.202969564603942,0.178387035033304,0.202969564603942
2011,7,"2011-08-05","LT05","MSI",28,-0.178387035033304,0.202969564603942,0.178387035033304,0.202969564603942
2008,7,"2008-08-04","LT05","TCW",28,0.178260634749046,-0.196977049254229,0.178260634749046,0.196977049254229
2020,8,"2020-08-20","LC08","TCW",28,0.177668973524814,-0.170865386209906,0.177668973524814,0.170865386209906
2011,9,"2011-09-06","LT05","TCW",28,0.176098200936154,-0.225157506968484,0.176098200936154,0.225157506968484
2010,7,"2010-08-05","LT05","RGI",28,-0.17576134745106,0.234648224628659,0.17576134745106,0.234648224628659
2008,7,"2008-08-04","LT05","NDMI",28,0.175151577471881,-0.211232474371442,0.175151577471881,0.211232474371442
2008,7,"2008-08-04","LT05","MSI",28,-0.175151577471881,0.211232474371442,0.175151577471881,0.211232474371442
2006,8,"2006-08-21","LT05","TCW",26,0.174078260254813,-0.123375359106939,0.174078260254813,0.123375359106939
2008,7,"2008-08-04","LT05","NBR",28,0.173996143248519,-0.217206870786166,0.173996143248519,0.217206870786166
2020,10,"2020-09-21","LC08","TCW",28,0.173256054610275,-0.177037253259227,0.173256054610275,0.177037253259227
2007,9,"2007-09-06","LT05","NBR",28,0.171898599394443,-0.205370369164957,0.171898599394443,0.205370369164957
2005,7,"2005-08-05","LT05","NDMI",28,0.170431681822026,-0.176212175935463,0.170431681822026,0.176212175935463
2005,7,"2005-08-05","LT05","MSI",28,-0.170431681822026,0.176212175935463,0.170431681822026,0.176212175935463
2011,5,"2011-07-04","LT05","TCW",20,0.169208774801904,-0.227656861712792,0.169208774801904,0.227656861712792
2007,9,"2007-09-06","LT05","NDVI",28,0.168060917567823,-0.217983323506919,0.168060917567823,0.217983323506919
2020,7,"2020-08-04","LC08","TCW",28,0.166227272066078,-0.137845527723022,0.166227272066078,0.137845527723022
2020,7,"2020-08-04","LC08","NDMI",28,-0.164778817468963,0.218464153028587,0.164778817468963,0.218464153028587
2020,7,"2020-08-04","LC08","MSI",28,0.164778817468963,-0.218464153028587,0.164778817468963,0.218464153028587
2006,5,"2006-07-04","LT05","NBR",27,0.164519487958828,-0.239435846343769,0.164519487958828,0.239435846343769
2020,6,"2020-07-19","LC08","NDVI",28,0.163581923859429,-0.0846872413089459,0.163581923859429,0.0846872413089459
2008,3,"2008-06-01","LT05","TCW",28,0.16313501952001,-0.200802232509927,0.16313501952001,0.200802232509927
2011,9,"2011-09-06","LT05","NDVI",28,0.162661795571164,-0.216828845434279,0.162661795571164,0.216828845434279
2008,7,"2008-08-04","LT05","NDVI",28,0.161878580894919,-0.171085066885335,0.161878580894919,0.171085066885335
2008,9,"2008-09-05","LT05","RGI",28,-0.161559915379712,0.180089777648124,0.161559915379712,0.180089777648124
2006,1,"2006-05-01","LT05","NBR",22,-0.161182158518172,0.334258115521121,0.161182158518172,0.334258115521121
2006,1,"2006-05-01","LT05","RGI",22,-0.159213734795851,0.193753655818601,0.159213734795851,0.193753655818601
2008,3,"2008-06-01","LT05","RGI",28,-0.158008754930609,0.166209879630627,0.158008754930609,0.166209879630627
2011,6,"2011-07-20","LT05","TCW",21,0.157531352557043,-0.223112875201661,0.157531352557043,0.223112875201661
2006,4,"2006-06-18","LT05","RGI",28,-0.155547247822092,0.185764816000507,0.155547247822092,0.185764816000507
2010,4,"2010-06-18","LT05","RGI",28,-0.153742781426489,0.238905263175838,0.153742781426489,0.238905263175838
2011,9,"2011-09-06","LT05","NBR",28,0.153458177629716,-0.216814574491124,0.153458177629716,0.216814574491124
2011,8,"2011-08-21","LT05","NDMI",28,0.151424322288713,-0.19423625525591,0.151424322288713,0.19423625525591
2011,8,"2011-08-21","LT05","MSI",28,-0.151424322288713,0.19423625525591,0.151424322288713,0.19423625525591
2007,1,"2007-05-01","LT05","NDVI",28,0.150495869803243,-0.173879989580745,0.150495869803243,0.173879989580745
2008,3,"2008-06-01","LT05","NBR",28,0.147519717626463,-0.221968090352837,0.147519717626463,0.221968090352837
2011,8,"2011-08-21","LT05","NDVI",28,0.144258201496185,-0.169293792377655,0.144258201496185,0.169293792377655
2008,3,"2008-06-01","LT05","NDMI",28,0.142664243602942,-0.206662507754297,0.142664243602942,0.206662507754297
2008,3,"2008-06-01","LT05","MSI",28,-0.142664243602942,0.206662507754297,0.142664243602942,0.206662507754297
2014,5,"2014-07-04","LC08","NDVI",28,0.14250735807476,-0.148436224545231,0.14250735807476,0.148436224545231
2003,4,"2003-06-18","LT05","RGI",25,-0.142171770493011,0.135917805547133,0.142171770493011,0.135917805547133
2006,6,"2006-07-20","LT05","NDVI",28,0.14120552964261,-0.110952986661336,0.14120552964261,0.110952986661336
2006,6,"2006-07-20","LT05","NDMI",28,0.13636578073048,-0.126370399956829,0.13636578073048,0.126370399956829
2006,6,"2006-07-20","LT05","MSI",28,-0.13636578073048,0.126370399956829,0.13636578073048,0.126370399956829
2008,9,"2008-09-05","LT05","NDVI",28,0.133660762033768,-0.176250847459431,0.133660762033768,0.176250847459431
2006,6,"2006-07-20","LT05","TCW",28,0.133431805346077,-0.122522875313287,0.133431805346077,0.122522875313287
2005,7,"2005-08-05","LT05","RGI",28,0.133338646533325,-0.195645954883563,0.133338646533325,0.195645954883563
2006,4,"2006-06-18","LT05","NBR",28,0.132754269677081,-0.100734960087973,0.132754269677081,0.100734960087973
2011,6,"2011-07-20","LT05","NDVI",21,-0.132505110466549,0.0826677941908283,0.132505110466549,0.0826677941908283
2006,5,"2006-07-04","LT05","TCW",27,0.132341717799714,-0.160803763184101,0.132341717799714,0.160803763184101
2020,8,"2020-08-20","LC08","NDMI",28,-0.130705045273023,0.172012979062975,0.130705045273023,0.172012979062975
2020,8,"2020-08-20","LC08","MSI",28,0.130705045273023,-0.172012979062975,0.130705045273023,0.172012979062975
2003,3,"2003-06-02","LT05","NDMI",20,0.128777096966283,-0.0781035956909561,0.128777096966283,0.0781035956909561
2003,3,"2003-06-02","LT05","MSI",20,-0.128777096966283,0.0781035956909561,0.128777096966283,0.0781035956909561
2003,5,"2003-07-04","LT05","TCW",28,-0.128442345209409,0.120644225078337,0.128442345209409,0.120644225078337
2007,1,"2007-05-01","LT05","TCW",28,-0.124541353142825,0.129763160810931,0.124541353142825,0.129763160810931
2020,7,"2020-08-04","LC08","NDVI",28,0.120228888022605,-0.0800961964829447,0.120228888022605,0.0800961964829447
2003,6,"2003-07-20","LT05","TCW",22,0.116374357842057,-0.0758102297158099,0.116374357842057,0.0758102297158099
2005,8,"2005-08-21","LT05","NDMI",28,0.113107566285115,-0.145479581454052,0.113107566285115,0.145479581454052
2005,8,"2005-08-21","LT05","MSI",28,-0.113107566285115,0.145479581454052,0.113107566285115,0.145479581454052
2005,7,"2005-08-05","LT05","NBR",28,0.112467643154863,-0.127697902665382,0.112467643154863,0.127697902665382
2020,8,"2020-08-20","LC08","RGI",28,-0.112183834412783,0.100924484813028,0.112183834412783,0.100924484813028
2011,5,"2011-07-04","LT05","NDMI",20,0.112098820679655,-0.180024804917381,0.112098820679655,0.180024804917381
2011,5,"2011-07-04","LT05","MSI",20,-0.112098820679655,0.180024804917381,0.112098820679655,0.180024804917381
2011,5,"2011-07-04","LT05","RGI",20,0.110462857854779,-0.0558082765097496,0.110462857854779,0.0558082765097496
2003,4,"2003-06-18","LT05","NBR",25,-0.109756919492357,0.111977808375401,0.109756919492357,0.111977808375401
2006,5,"2006-07-04","LT05","RGI",27,-0.108408870565154,0.161426421529579,0.108408870565154,0.161426421529579
2003,5,"2003-07-04","LT05","NBR",28,-0.107958187171911,0.0824810430665016,0.107958187171911,0.0824810430665016
2009,6,"2009-07-20","LT05","RGI",28,0.107797065421988,-0.122560207007563,0.107797065421988,0.122560207007563
2014,1,"2014-05-01","LC08","NDMI",20,-0.102393041316917,0.143231724462913,0.102393041316917,0.143231724462913
2014,1,"2014-05-01","LC08","MSI",20,0.102393041316917,-0.143231724462913,0.102393041316917,0.143231724462913
2005,5,"2005-07-04","LT05","NBR",28,-0.101652595151931,0.0737791325411873,0.101652595151931,0.0737791325411873
2020,6,"2020-07-19","LC08","NDMI",28,-0.100627920036216,0.194911553874526,0.100627920036216,0.194911553874526
2020,6,"2020-07-19","LC08","MSI",28,0.100627920036216,-0.194911553874526,0.100627920036216,0.194911553874526
2005,5,"2005-07-04","LT05","NDMI",28,0.0946271394624231,-0.105263698190234,0.0946271394624231,0.105263698190234
2005,5,"2005-07-04","LT05","MSI",28,-0.0946271394624231,0.105263698190234,0.0946271394624231,0.105263698190234
2005,5,"2005-07-04","LT05","NDVI",28,0.09284043266864,-0.165619070295013,0.09284043266864,0.165619070295013
2006,10,"2006-09-22","LT05","RGI",28,-0.0924488736174057,0.126034770348703,0.0924488736174057,0.126034770348703
2003,7,"2003-08-05","LT05","NDMI",28,0.0917324500263165,-0.0981361340748455,0.0917324500263165,0.0981361340748455
2003,7,"2003-08-05","LT05","MSI",28,-0.0917324500263165,0.0981361340748455,0.0917324500263165,0.0981361340748455
2005,10,"2005-09-22","LT05","NBR",28,0.0910828388171756,-0.12774002977546,0.0910828388171756,0.12774002977546
2003,5,"2003-07-04","LT05","NDVI",28,0.0909109787500267,-0.0421615307758351,0.0909109787500267,0.0421615307758351
2003,4,"2003-06-18","LT05","NDVI",25,0.089000612052161,-0.0825673442422739,0.089000612052161,0.0825673442422739
2005,8,"2005-08-21","LT05","NDVI",28,-0.0872281802676067,-0.0248380420328288,0.0872281802676067,0.0248380420328288
2005,7,"2005-08-05","LT05","TCW",28,0.0872280952167383,-0.0926112529932398,0.0872280952167383,0.0926112529932398
2006,8,"2006-08-21","LT05","RGI",26,-0.0860585287685409,0.115829631996265,0.0860585287685409,0.115829631996265
2003,3,"2003-06-02","LT05","TCW",20,0.0833239824368128,-0.0284454567249103,0.0833239824368128,0.0284454567249103
2011,6,"2011-07-20","LT05","NBR",21,0.0829332960352098,-0.143961714987451,0.0829332960352098,0.143961714987451
2009,2,"2009-05-17","LT05","NDVI",28,-0.0820989633029555,0.056291720734745,0.0820989633029555,0.056291720734745
2020,7,"2020-08-04","LC08","NBR",28,-0.0793128568259395,0.158781619751975,0.0793128568259395,0.158781619751975
2006,4,"2006-06-18","LT05","NDMI",28,0.0778161124200924,-0.0731756917626111,0.0778161124200924,0.0731756917626111
2006,4,"2006-06-18","LT05","MSI",28,-0.0778161124200924,0.0731756917626111,0.0778161124200924,0.0731756917626111
2003,6,"2003-07-20","LT05","NDVI",22,0.076763051171459,-0.00616418383863245,0.076763051171459,0.00616418383863245
2003,4,"2003-06-18","LT05","TCW",25,-0.0759581040456935,0.0976110593475792,0.0759581040456935,0.0976110593475792
2011,6,"2011-07-20","LT05","RGI",21,-0.0756695266955575,0.119144259032954,0.0756695266955575,0.119144259032954
2003,3,"2003-06-02","LT05","NBR",20,0.0732849236054429,-0.0520016694945538,0.0732849236054429,0.0520016694945538
2003,6,"2003-07-20","LT05","NBR",22,0.07288094111894,-0.0113115489014531,0.07288094111894,0.0113115489014531
2011,7,"2011-08-05","LT05","RGI",28,0.0691581164372569,0.0628522384053985,0.0691581164372569,0.0628522384053985
2007,9,"2007-09-06","LT05","RGI",28,-0.0675260703476251,0.194811490069978,0.0675260703476251,0.194811490069978
2014,1,"2014-05-01","LC08","NBR",20,-0.0664344947035457,0.0869797704580501,0.0664344947035457,0.0869797704580501
2003,7,"2003-08-05","LT05","TCW",28,0.0655124844937562,-0.0533547379813423,0.0655124844937562,0.0533547379813423
2007,6,"2007-07-20","LT05","RGI",28,-0.0615933495409921,0.0904218021406592,0.0615933495409921,0.0904218021406592
2006,2,"2006-05-17","LT05","NDVI",24,0.060995868019218,-0.191028085280245,0.060995868019218,0.191028085280245
2003,4,"2003-06-18","LT05","NDMI",25,-0.0591851114381548,0.065428881796675,0.0591851114381548,0.065428881796675
2003,4,"2003-06-18","LT05","MSI",25,0.0591851114381548,-0.065428881796675,0.0591851114381548,0.065428881796675
2011,5,"2011-07-04","LT05","NBR",20,0.0548161777148501,-0.12266024055797,0.0548161777148501,0.12266024055797
2005,10,"2005-09-22","LT05","TCW",28,0.0543909215619622,-0.00976495366504279,0.0543909215619622,0.00976495366504279
2003,5,"2003-07-04","LT05","RGI",28,-0.0536883529416391,0.0117951136794407,0.0536883529416391,0.0117951136794407
2011,8,"2011-08-21","LT05","RGI",28,-0.0513214028677382,0.0294432579962049,0.0513214028677382,0.0294432579962049
2011,5,"2011-07-04","LT05","NDVI",20,-0.0496934735967762,-0.0328681818576442,0.0496934735967762,0.0328681818576442
2003,5,"2003-07-04","LT05","NDMI",28,-0.0481276160243583,0.0416535457473485,0.0481276160243583,0.0416535457473485
2003,5,"2003-07-04","LT05","MSI",28,0.0481276160243583,-0.0416535457473485,0.0481276160243583,0.0416535457473485
2003,7,"2003-08-05","LT05","NBR",28,0.0475742101844559,-0.0654045339663776,0.0475742101844559,0.0654045339663776
2003,8,"2003-08-21","LT05","RGI",28,-0.047020754477786,-0.0377967298111015,0.047020754477786,0.0377967298111015
2005,7,"2005-08-05","LT05","NDVI",28,0.0446403087831831,-0.021963439356056,0.0446403087831831,0.021963439356056
2005,8,"2005-08-21","LT05","TCW",28,0.0444069164449217,-0.0264815301073481,0.0444069164449217,0.0264815301073481
2020,6,"2020-07-19","LC08","RGI",28,-0.043964016561409,-0.0150146240094217,0.043964016561409,0.0150146240094217
2020,10,"2020-09-21","LC08","NDMI",28,-0.0424982763578802,0.0580989196720864,0.0424982763578802,0.0580989196720864
2020,10,"2020-09-21","LC08","MSI",28,0.0424982763578802,-0.0580989196720864,0.0424982763578802,0.0580989196720864
2003,8,"2003-08-21","LT05","NDVI",28,0.0395288287049436,0.0123740773395847,0.0395288287049436,0.0123740773395847
2005,5,"2005-07-04","LT05","TCW",28,-0.0387665900197251,0.0360629504546999,0.0387665900197251,0.0360629504546999
2020,8,"2020-08-20","LC08","NBR",28,-0.0382381987615947,0.117808757284094,0.0382381987615947,0.117808757284094
2011,7,"2011-08-05","LT05","NDVI",28,0.030032287494511,-0.109347952544517,0.030032287494511,0.109347952544517
2020,6,"2020-07-19","LC08","NBR",28,-0.0289733617965828,0.138507576905613,0.0289733617965828,0.138507576905613
2011,6,"2011-07-20","LT05","NDMI",21,0.0252877980310199,-0.0706557477703447,0.0252877980310199,0.0706557477703447
2011,6,"2011-07-20","LT05","MSI",21,-0.0252877980310199,0.0706557477703447,0.0252877980310199,0.0706557477703447
2014,1,"2014-05-01","LC08","RGI",20,0.0207239674782094,0.0248223929365721,0.0207239674782094,0.0248223929365721
2005,8,"2005-08-21","LT05","NBR",28,0.0196289356762077,0.0172817317618386,0.0196289356762077,0.0172817317618386
2003,7,"2003-08-05","LT05","NDVI",28,-0.0182566035932813,-0.0394877213407877,0.0182566035932813,0.0394877213407877
2007,1,"2007-05-01","LT05","NBR",28,-0.016603703782968,0.0679045319971658,0.016603703782968,0.0679045319971658
2006,6,"2006-07-20","LT05","RGI",28,-0.0161019871190386,-0.000761077909879613,0.0161019871190386,0.000761077909879613
2008,7,"2008-08-04","LT05","RGI",28,0.015184816251632,-0.00935950015387093,0.015184816251632,0.00935950015387093
2006,4,"2006-06-18","LT05","TCW",28,-0.0138020734831549,0.0387158815105342,0.0138020734831549,0.0387158815105342
2003,6,"2003-07-20","LT05","NDMI",22,0.0132803740190559,0.0682518559092003,0.0132803740190559,0.0682518559092003
2003,6,"2003-07-20","LT05","MSI",22,-0.0132803740190559,-0.0682518559092003,0.0132803740190559,0.0682518559092003
2020,7,"2020-08-04","LC08","RGI",28,-0.010294995376906,-0.0263462945845816,0.010294995376906,0.0263462945845816
2007,1,"2007-05-01","LT05","NDMI",28,0.00939913296818056,0.0382752412688634,0.00939913296818056,0.0382752412688634
2007,1,"2007-05-01","LT05","MSI",28,-0.00939913296818056,-0.0382752412688634,0.00939913296818056,0.0382752412688634
2020,10,"2020-09-21","LC08","NBR",28,0.00710889699988538,0.0474445236875609,0.00710889699988538,0.0474445236875609
2005,10,"2005-09-22","LT05","NDMI",28,0.00671567716399786,0.00418520862558316,0.00671567716399786,0.00418520862558316
2005,10,"2005-09-22","LT05","MSI",28,-0.00671567716399786,-0.00418520862558316,0.00671567716399786,0.00418520862558316
2003,7,"2003-08-05","LT05","RGI",28,-0.00665318107993687,-0.0487938985291695,0.00665318107993687,0.0487938985291695
2005,5,"2005-07-04","LT05","RGI",28,-0.00181542143464007,-0.0132050252308935,0.00181542143464007,0.0132050252308935
2005,8,"2005-08-21","LT05","RGI",28,-0.000733091097517553,0.0915441929162959,0.000733091097517553,0.0915441929162959
