"index","sensor","date","path","row","cloud","cloud_land","year","mmdd"
NA,"LANDSAT_7","2003-01-07",44,26,26,26,2003,"01-07"
NA,"LANDSAT_5","2003-01-08",43,26,36,36,2003,"01-08"
NA,"LANDSAT_7","2003-01-16",43,26,71,71,2003,"01-16"
NA,"LANDSAT_7","2003-02-01",43,26,56,56,2003,"02-01"
NA,"LANDSAT_7","2003-02-08",44,26,39,39,2003,"02-08"
NA,"LANDSAT_5","2003-02-09",43,26,90,90,2003,"02-09"
NA,"LANDSAT_7","2003-02-24",44,26,0,0,2003,"02-24"
NA,"LANDSAT_5","2003-02-25",43,26,30,30,2003,"02-25"
NA,"LANDSAT_5","2003-03-04",44,26,35,35,2003,"03-04"
NA,"LANDSAT_7","2003-03-05",43,26,86,86,2003,"03-05"
NA,"LANDSAT_7","2003-03-28",44,26,34,34,2003,"03-28"
NA,"LANDSAT_5","2003-03-29",43,26,92,92,2003,"03-29"
NA,"LANDSAT_5","2003-04-05",44,26,86,86,2003,"04-05"
NA,"LANDSAT_7","2003-04-06",43,26,30,30,2003,"04-06"
NA,"LANDSAT_7","2003-04-13",44,26,85,85,2003,"04-13"
NA,"LANDSAT_5","2003-04-21",44,26,44,44,2003,"04-21"
NA,"LANDSAT_7","2003-04-22",43,26,66,66,2003,"04-22"
NA,"LANDSAT_7","2003-04-29",44,26,43,43,2003,"04-29"
NA,"LANDSAT_5","2003-04-30",43,26,58,58,2003,"04-30"
NA,"LANDSAT_5","2003-05-07",44,26,91,91,2003,"05-07"
NA,"LANDSAT_7","2003-05-08",43,26,80,80,2003,"05-08"
NA,"LANDSAT_7","2003-05-15",44,26,88,88,2003,"05-15"
NA,"LANDSAT_5","2003-05-16",43,26,79,79,2003,"05-16"
NA,"LANDSAT_5","2003-05-23",44,26,34,34,2003,"05-23"
NA,"LANDSAT_7","2003-05-24",43,26,2,2,2003,"05-24"
NA,"LANDSAT_7","2003-05-31",44,26,98,98,2003,"05-31"
NA,"LANDSAT_5","2003-06-01",43,26,64,64,2003,"06-01"
NA,"LANDSAT_5","2003-06-08",44,26,4,4,2003,"06-08"
NA,"LANDSAT_5","2003-06-24",44,26,32,32,2003,"06-24"
NA,"LANDSAT_5","2003-07-03",43,26,9,9,2003,"07-03"
NA,"LANDSAT_5","2003-07-10",44,26,1,1,2003,"07-10"
NA,"LANDSAT_7","2003-07-18",44,26,0,0,2003,"07-18"
NA,"LANDSAT_5","2003-07-19",43,26,0,0,2003,"07-19"
NA,"LANDSAT_5","2003-07-26",44,26,1,1,2003,"07-26"
NA,"LANDSAT_7","2003-07-27",43,26,1,1,2003,"07-27"
NA,"LANDSAT_7","2003-08-03",44,26,94,94,2003,"08-03"
NA,"LANDSAT_5","2003-08-04",43,26,58,58,2003,"08-04"
NA,"LANDSAT_5","2003-08-11",44,26,44,44,2003,"08-11"
NA,"LANDSAT_7","2003-08-12",43,26,16,16,2003,"08-12"
NA,"LANDSAT_7","2003-08-19",44,26,49,49,2003,"08-19"
NA,"LANDSAT_5","2003-08-20",43,26,0,0,2003,"08-20"
NA,"LANDSAT_5","2003-08-27",44,26,17,17,2003,"08-27"
NA,"LANDSAT_7","2003-08-28",43,26,14,14,2003,"08-28"
NA,"LANDSAT_5","2003-09-05",43,26,0,0,2003,"09-05"
NA,"LANDSAT_5","2003-09-12",44,26,56,56,2003,"09-12"
NA,"LANDSAT_7","2003-09-20",44,26,1,1,2003,"09-20"
NA,"LANDSAT_5","2003-09-21",43,26,3,3,2003,"09-21"
NA,"LANDSAT_7","2003-09-29",43,26,1,1,2003,"09-29"
NA,"LANDSAT_7","2003-10-06",44,26,8,8,2003,"10-06"
NA,"LANDSAT_5","2003-10-07",43,26,71,71,2003,"10-07"
NA,"LANDSAT_5","2003-10-14",44,26,71,71,2003,"10-14"
NA,"LANDSAT_7","2003-10-15",43,26,100,100,2003,"10-15"
NA,"LANDSAT_7","2003-10-22",44,26,54,54,2003,"10-22"
NA,"LANDSAT_5","2003-10-23",43,26,34,34,2003,"10-23"
NA,"LANDSAT_7","2003-10-31",43,26,1,1,2003,"10-31"
NA,"LANDSAT_7","2003-11-07",44,26,3,3,2003,"11-07"
NA,"LANDSAT_5","2003-11-08",43,26,89,89,2003,"11-08"
NA,"LANDSAT_5","2003-11-24",43,26,82,82,2003,"11-24"
NA,"LANDSAT_7","2003-12-09",44,26,50,50,2003,"12-09"
NA,"LANDSAT_5","2003-12-10",43,26,46,46,2003,"12-10"
NA,"LANDSAT_5","2003-12-17",44,26,63,63,2003,"12-17"
NA,"LANDSAT_7","2003-12-18",43,26,9,9,2003,"12-18"
NA,"LANDSAT_5","2003-12-26",43,26,70,70,2003,"12-26"
NA,"LANDSAT_7","2004-01-03",43,26,81,81,2004,"01-03"
NA,"LANDSAT_5","2004-01-11",43,26,72,72,2004,"01-11"
NA,"LANDSAT_5","2004-01-27",43,26,86,86,2004,"01-27"
NA,"LANDSAT_5","2004-02-03",44,26,89,89,2004,"02-03"
NA,"LANDSAT_7","2004-02-11",44,26,14,14,2004,"02-11"
NA,"LANDSAT_5","2004-02-12",43,26,12,12,2004,"02-12"
NA,"LANDSAT_5","2004-02-19",44,26,53,53,2004,"02-19"
NA,"LANDSAT_7","2004-02-20",43,26,76,76,2004,"02-20"
NA,"LANDSAT_5","2004-02-28",43,26,90,90,2004,"02-28"
NA,"LANDSAT_5","2004-03-06",44,26,20,20,2004,"03-06"
NA,"LANDSAT_7","2004-03-14",44,26,30,30,2004,"03-14"
NA,"LANDSAT_5","2004-03-15",43,26,64,64,2004,"03-15"
NA,"LANDSAT_5","2004-03-22",44,26,2,2,2004,"03-22"
NA,"LANDSAT_7","2004-03-23",43,26,77,77,2004,"03-23"
NA,"LANDSAT_7","2004-03-30",44,26,23,23,2004,"03-30"
NA,"LANDSAT_5","2004-03-31",43,26,55,55,2004,"03-31"
NA,"LANDSAT_5","2004-04-07",44,26,18,18,2004,"04-07"
NA,"LANDSAT_7","2004-04-08",43,26,81,81,2004,"04-08"
NA,"LANDSAT_7","2004-04-15",44,26,69,69,2004,"04-15"
NA,"LANDSAT_5","2004-04-16",43,26,86,86,2004,"04-16"
NA,"LANDSAT_5","2004-04-23",44,26,98,98,2004,"04-23"
NA,"LANDSAT_7","2004-04-24",43,26,37,37,2004,"04-24"
NA,"LANDSAT_5","2004-05-02",43,26,77,77,2004,"05-02"
NA,"LANDSAT_5","2004-05-09",44,26,65,65,2004,"05-09"
NA,"LANDSAT_7","2004-05-10",43,26,97,97,2004,"05-10"
NA,"LANDSAT_7","2004-05-17",44,26,48,48,2004,"05-17"
NA,"LANDSAT_5","2004-05-18",43,26,11,11,2004,"05-18"
NA,"LANDSAT_5","2004-05-25",44,26,87,87,2004,"05-25"
NA,"LANDSAT_7","2004-06-02",44,26,53,53,2004,"06-02"
NA,"LANDSAT_5","2004-06-03",43,26,4,4,2004,"06-03"
NA,"LANDSAT_7","2004-06-18",44,26,3,3,2004,"06-18"
NA,"LANDSAT_5","2004-06-19",43,26,24,24,2004,"06-19"
NA,"LANDSAT_5","2004-06-26",44,26,54,54,2004,"06-26"
NA,"LANDSAT_7","2004-06-27",43,26,49,49,2004,"06-27"
NA,"LANDSAT_7","2004-07-04",44,26,50,50,2004,"07-04"
NA,"LANDSAT_5","2004-07-05",43,26,28,28,2004,"07-05"
NA,"LANDSAT_5","2004-07-12",44,26,1,1,2004,"07-12"
NA,"LANDSAT_7","2004-07-13",43,26,71,71,2004,"07-13"
NA,"LANDSAT_7","2004-07-20",44,26,61,61,2004,"07-20"
NA,"LANDSAT_5","2004-07-21",43,26,15,15,2004,"07-21"
NA,"LANDSAT_5","2004-07-28",44,26,1,1,2004,"07-28"
NA,"LANDSAT_7","2004-07-29",43,26,1,1,2004,"07-29"
NA,"LANDSAT_7","2004-08-05",44,26,92,92,2004,"08-05"
NA,"LANDSAT_5","2004-08-06",43,26,100,100,2004,"08-06"
NA,"LANDSAT_5","2004-08-13",44,26,3,3,2004,"08-13"
NA,"LANDSAT_7","2004-08-14",43,26,2,2,2004,"08-14"
NA,"LANDSAT_7","2004-08-21",44,26,72,72,2004,"08-21"
NA,"LANDSAT_5","2004-08-29",44,26,57,57,2004,"08-29"
NA,"LANDSAT_7","2004-08-30",43,26,28,28,2004,"08-30"
NA,"LANDSAT_7","2004-09-06",44,26,15,15,2004,"09-06"
NA,"LANDSAT_5","2004-09-07",43,26,54,54,2004,"09-07"
NA,"LANDSAT_5","2004-09-14",44,26,68,68,2004,"09-14"
NA,"LANDSAT_7","2004-09-22",44,26,67,67,2004,"09-22"
NA,"LANDSAT_5","2004-09-23",43,26,76,76,2004,"09-23"
NA,"LANDSAT_5","2004-09-30",44,26,10,10,2004,"09-30"
NA,"LANDSAT_7","2004-10-01",43,26,0,0,2004,"10-01"
NA,"LANDSAT_7","2004-10-08",44,26,64,64,2004,"10-08"
NA,"LANDSAT_7","2004-10-24",44,26,64,64,2004,"10-24"
NA,"LANDSAT_7","2004-11-09",44,26,97,97,2004,"11-09"
NA,"LANDSAT_5","2004-11-10",43,26,17,17,2004,"11-10"
NA,"LANDSAT_5","2004-11-17",44,26,22,22,2004,"11-17"
NA,"LANDSAT_7","2004-11-25",44,26,30,30,2004,"11-25"
NA,"LANDSAT_5","2004-11-26",43,26,15,15,2004,"11-26"
NA,"LANDSAT_7","2004-12-11",44,26,40,40,2004,"12-11"
NA,"LANDSAT_5","2004-12-12",43,26,5,5,2004,"12-12"
NA,"LANDSAT_7","2004-12-20",43,26,44,44,2004,"12-20"
NA,"LANDSAT_7","2004-12-27",44,26,20,20,2004,"12-27"
NA,"LANDSAT_5","2004-12-28",43,26,43,43,2004,"12-28"
NA,"LANDSAT_5","2005-01-04",44,26,5,5,2005,"01-04"
NA,"LANDSAT_7","2005-01-05",43,26,6,6,2005,"01-05"
NA,"LANDSAT_7","2005-01-12",44,26,72,72,2005,"01-12"
NA,"LANDSAT_5","2005-01-13",43,26,14,14,2005,"01-13"
NA,"LANDSAT_7","2005-01-28",44,26,89,89,2005,"01-28"
NA,"LANDSAT_5","2005-02-05",44,26,47,47,2005,"02-05"
NA,"LANDSAT_7","2005-02-06",43,26,79,79,2005,"02-06"
NA,"LANDSAT_7","2005-02-13",44,26,62,62,2005,"02-13"
NA,"LANDSAT_5","2005-02-14",43,26,44,44,2005,"02-14"
NA,"LANDSAT_5","2005-02-21",44,26,0,0,2005,"02-21"
NA,"LANDSAT_7","2005-02-22",43,26,41,41,2005,"02-22"
NA,"LANDSAT_7","2005-03-01",44,26,82,82,2005,"03-01"
NA,"LANDSAT_5","2005-03-02",43,26,28,28,2005,"03-02"
NA,"LANDSAT_5","2005-03-09",44,26,100,100,2005,"03-09"
NA,"LANDSAT_7","2005-03-10",43,26,8,8,2005,"03-10"
NA,"LANDSAT_7","2005-03-17",44,26,34,34,2005,"03-17"
NA,"LANDSAT_5","2005-03-18",43,26,96,96,2005,"03-18"
NA,"LANDSAT_5","2005-03-25",44,26,72,72,2005,"03-25"
NA,"LANDSAT_7","2005-04-02",44,26,68,68,2005,"04-02"
NA,"LANDSAT_5","2005-04-03",43,26,100,100,2005,"04-03"
NA,"LANDSAT_5","2005-04-10",44,26,5,5,2005,"04-10"
NA,"LANDSAT_7","2005-04-18",44,26,31,31,2005,"04-18"
NA,"LANDSAT_5","2005-04-19",43,26,54,54,2005,"04-19"
NA,"LANDSAT_5","2005-04-26",44,26,1,1,2005,"04-26"
NA,"LANDSAT_7","2005-04-27",43,26,35,35,2005,"04-27"
NA,"LANDSAT_7","2005-05-04",44,26,92,92,2005,"05-04"
NA,"LANDSAT_5","2005-05-05",43,26,57,57,2005,"05-05"
NA,"LANDSAT_5","2005-05-12",44,26,13,13,2005,"05-12"
NA,"LANDSAT_7","2005-05-13",43,26,61,61,2005,"05-13"
NA,"LANDSAT_7","2005-05-20",44,26,98,98,2005,"05-20"
NA,"LANDSAT_5","2005-05-21",43,26,58,58,2005,"05-21"
NA,"LANDSAT_5","2005-05-28",44,26,1,1,2005,"05-28"
NA,"LANDSAT_7","2005-05-29",43,26,2,2,2005,"05-29"
NA,"LANDSAT_7","2005-06-05",44,26,93,93,2005,"06-05"
NA,"LANDSAT_5","2005-06-06",43,26,64,64,2005,"06-06"
NA,"LANDSAT_5","2005-06-13",44,26,64,64,2005,"06-13"
NA,"LANDSAT_7","2005-06-21",44,26,8,8,2005,"06-21"
NA,"LANDSAT_5","2005-06-22",43,26,20,20,2005,"06-22"
NA,"LANDSAT_5","2005-06-29",44,26,39,39,2005,"06-29"
NA,"LANDSAT_7","2005-06-30",43,26,37,37,2005,"06-30"
NA,"LANDSAT_7","2005-07-07",44,26,38,38,2005,"07-07"
NA,"LANDSAT_5","2005-07-08",43,26,11,11,2005,"07-08"
NA,"LANDSAT_5","2005-07-15",44,26,86,86,2005,"07-15"
NA,"LANDSAT_7","2005-07-16",43,26,79,79,2005,"07-16"
NA,"LANDSAT_7","2005-07-23",44,26,8,8,2005,"07-23"
NA,"LANDSAT_5","2005-07-24",43,26,3,3,2005,"07-24"
NA,"LANDSAT_5","2005-07-31",44,26,2,2,2005,"07-31"
NA,"LANDSAT_7","2005-08-01",43,26,38,38,2005,"08-01"
NA,"LANDSAT_7","2005-08-08",44,26,2,2,2005,"08-08"
NA,"LANDSAT_5","2005-08-09",43,26,2,2,2005,"08-09"
NA,"LANDSAT_5","2005-08-16",44,26,6,6,2005,"08-16"
NA,"LANDSAT_7","2005-08-24",44,26,2,2,2005,"08-24"
NA,"LANDSAT_5","2005-08-25",43,26,1,1,2005,"08-25"
NA,"LANDSAT_5","2005-09-01",44,26,2,2,2005,"09-01"
NA,"LANDSAT_7","2005-09-02",43,26,23,23,2005,"09-02"
NA,"LANDSAT_7","2005-09-09",44,26,65,65,2005,"09-09"
NA,"LANDSAT_5","2005-09-17",44,26,19,19,2005,"09-17"
NA,"LANDSAT_7","2005-09-18",43,26,62,62,2005,"09-18"
NA,"LANDSAT_7","2005-09-25",44,26,0,0,2005,"09-25"
NA,"LANDSAT_5","2005-09-26",43,26,0,0,2005,"09-26"
NA,"LANDSAT_5","2005-10-03",44,26,94,94,2005,"10-03"
NA,"LANDSAT_7","2005-10-11",44,26,8,8,2005,"10-11"
NA,"LANDSAT_5","2005-10-12",43,26,100,100,2005,"10-12"
NA,"LANDSAT_7","2005-10-20",43,26,89,89,2005,"10-20"
NA,"LANDSAT_7","2005-10-27",44,26,71,71,2005,"10-27"
NA,"LANDSAT_5","2005-11-04",44,26,70,70,2005,"11-04"
NA,"LANDSAT_7","2005-11-05",43,26,91,91,2005,"11-05"
NA,"LANDSAT_7","2005-11-12",44,26,40,40,2005,"11-12"
NA,"LANDSAT_5","2005-11-20",44,26,61,61,2005,"11-20"
NA,"LANDSAT_7","2005-11-21",43,26,66,66,2005,"11-21"
NA,"LANDSAT_7","2005-11-28",44,26,89,89,2005,"11-28"
NA,"LANDSAT_7","2005-12-07",43,26,29,29,2005,"12-07"
NA,"LANDSAT_7","2005-12-14",44,26,26,26,2005,"12-14"
NA,"LANDSAT_7","2005-12-23",43,26,93,93,2005,"12-23"
NA,"LANDSAT_7","2006-01-15",44,26,16,16,2006,"01-15"
NA,"LANDSAT_5","2006-01-23",44,26,51,51,2006,"01-23"
NA,"LANDSAT_7","2006-01-24",43,26,58,58,2006,"01-24"
NA,"LANDSAT_5","2006-02-01",43,26,88,88,2006,"02-01"
NA,"LANDSAT_5","2006-02-08",44,26,85,85,2006,"02-08"
NA,"LANDSAT_7","2006-02-09",43,26,1,1,2006,"02-09"
NA,"LANDSAT_7","2006-02-16",44,26,52,52,2006,"02-16"
NA,"LANDSAT_5","2006-02-17",43,26,1,1,2006,"02-17"
NA,"LANDSAT_5","2006-02-24",44,26,15,15,2006,"02-24"
NA,"LANDSAT_7","2006-02-25",43,26,100,100,2006,"02-25"
NA,"LANDSAT_7","2006-03-04",44,26,21,21,2006,"03-04"
NA,"LANDSAT_5","2006-03-05",43,26,74,74,2006,"03-05"
NA,"LANDSAT_5","2006-03-12",44,26,2,2,2006,"03-12"
NA,"LANDSAT_7","2006-03-13",43,26,16,16,2006,"03-13"
NA,"LANDSAT_7","2006-03-20",44,26,11,11,2006,"03-20"
NA,"LANDSAT_7","2006-03-29",43,26,92,92,2006,"03-29"
NA,"LANDSAT_7","2006-04-05",44,26,97,97,2006,"04-05"
NA,"LANDSAT_5","2006-04-13",44,26,87,87,2006,"04-13"
NA,"LANDSAT_5","2006-04-22",43,26,58,58,2006,"04-22"
NA,"LANDSAT_5","2006-04-29",44,26,62,62,2006,"04-29"
NA,"LANDSAT_7","2006-04-30",43,26,81,81,2006,"04-30"
NA,"LANDSAT_5","2006-05-08",43,26,66,66,2006,"05-08"
NA,"LANDSAT_5","2006-05-15",44,26,21,21,2006,"05-15"
NA,"LANDSAT_7","2006-05-16",43,26,2,2,2006,"05-16"
NA,"LANDSAT_7","2006-05-23",44,26,80,80,2006,"05-23"
NA,"LANDSAT_5","2006-05-24",43,26,78,78,2006,"05-24"
NA,"LANDSAT_5","2006-05-31",44,26,18,18,2006,"05-31"
NA,"LANDSAT_7","2006-06-01",43,26,47,47,2006,"06-01"
NA,"LANDSAT_7","2006-06-08",44,26,91,91,2006,"06-08"
NA,"LANDSAT_5","2006-06-09",43,26,47,47,2006,"06-09"
NA,"LANDSAT_5","2006-06-16",44,26,76,76,2006,"06-16"
NA,"LANDSAT_7","2006-06-17",43,26,74,74,2006,"06-17"
NA,"LANDSAT_7","2006-06-24",44,26,1,1,2006,"06-24"
NA,"LANDSAT_5","2006-06-25",43,26,2,2,2006,"06-25"
NA,"LANDSAT_5","2006-07-02",44,26,3,3,2006,"07-02"
NA,"LANDSAT_7","2006-07-03",43,26,11,11,2006,"07-03"
NA,"LANDSAT_7","2006-07-10",44,26,45,45,2006,"07-10"
NA,"LANDSAT_5","2006-07-11",43,26,15,15,2006,"07-11"
NA,"LANDSAT_5","2006-07-18",44,26,11,11,2006,"07-18"
NA,"LANDSAT_7","2006-07-19",43,26,15,15,2006,"07-19"
NA,"LANDSAT_7","2006-07-26",44,26,1,1,2006,"07-26"
NA,"LANDSAT_5","2006-07-27",43,26,1,1,2006,"07-27"
NA,"LANDSAT_5","2006-08-03",44,26,29,29,2006,"08-03"
NA,"LANDSAT_7","2006-08-04",43,26,46,46,2006,"08-04"
NA,"LANDSAT_7","2006-08-11",44,26,81,81,2006,"08-11"
NA,"LANDSAT_5","2006-08-12",43,26,43,43,2006,"08-12"
NA,"LANDSAT_5","2006-08-19",44,26,1,1,2006,"08-19"
NA,"LANDSAT_7","2006-08-20",43,26,1,1,2006,"08-20"
NA,"LANDSAT_7","2006-08-27",44,26,0,0,2006,"08-27"
NA,"LANDSAT_5","2006-08-28",43,26,0,0,2006,"08-28"
NA,"LANDSAT_5","2006-09-04",44,26,54,54,2006,"09-04"
NA,"LANDSAT_7","2006-09-05",43,26,1,1,2006,"09-05"
NA,"LANDSAT_7","2006-09-12",44,26,45,45,2006,"09-12"
NA,"LANDSAT_5","2006-09-13",43,26,75,75,2006,"09-13"
NA,"LANDSAT_7","2006-09-21",43,26,65,65,2006,"09-21"
NA,"LANDSAT_7","2006-09-28",44,26,7,7,2006,"09-28"
NA,"LANDSAT_5","2006-09-29",43,26,0,0,2006,"09-29"
NA,"LANDSAT_5","2006-10-06",44,26,88,88,2006,"10-06"
NA,"LANDSAT_7","2006-10-07",43,26,22,22,2006,"10-07"
NA,"LANDSAT_7","2006-10-14",44,26,3,3,2006,"10-14"
NA,"LANDSAT_5","2006-10-22",44,26,4,4,2006,"10-22"
NA,"LANDSAT_7","2006-10-23",43,26,1,1,2006,"10-23"
NA,"LANDSAT_7","2006-10-30",44,26,18,18,2006,"10-30"
NA,"LANDSAT_5","2006-10-31",43,26,45,45,2006,"10-31"
NA,"LANDSAT_7","2006-11-08",43,26,68,68,2006,"11-08"
NA,"LANDSAT_5","2006-11-16",43,26,14,14,2006,"11-16"
NA,"LANDSAT_5","2006-11-23",44,26,69,69,2006,"11-23"
NA,"LANDSAT_7","2006-11-24",43,26,56,56,2006,"11-24"
NA,"LANDSAT_7","2006-12-01",44,26,66,66,2006,"12-01"
NA,"LANDSAT_5","2006-12-02",43,26,44,44,2006,"12-02"
NA,"LANDSAT_5","2006-12-09",44,26,80,80,2006,"12-09"
NA,"LANDSAT_7","2006-12-10",43,26,63,63,2006,"12-10"
NA,"LANDSAT_7","2006-12-17",44,26,8,8,2006,"12-17"
NA,"LANDSAT_5","2006-12-18",43,26,77,77,2006,"12-18"
NA,"LANDSAT_5","2006-12-25",44,26,68,68,2006,"12-25"
NA,"LANDSAT_7","2007-01-11",43,26,21,21,2007,"01-11"
NA,"LANDSAT_5","2007-01-26",44,26,11,11,2007,"01-26"
NA,"LANDSAT_7","2007-01-27",43,26,20,20,2007,"01-27"
NA,"LANDSAT_7","2007-02-03",44,26,49,49,2007,"02-03"
NA,"LANDSAT_7","2007-03-07",44,26,97,97,2007,"03-07"
NA,"LANDSAT_5","2007-03-08",43,26,82,82,2007,"03-08"
NA,"LANDSAT_7","2007-03-23",44,26,61,61,2007,"03-23"
NA,"LANDSAT_7","2007-04-01",43,26,53,53,2007,"04-01"
NA,"LANDSAT_7","2007-04-08",44,26,1,1,2007,"04-08"
NA,"LANDSAT_7","2007-04-17",43,26,84,84,2007,"04-17"
NA,"LANDSAT_7","2007-04-24",44,26,76,76,2007,"04-24"
NA,"LANDSAT_5","2007-04-25",43,26,100,100,2007,"04-25"
NA,"LANDSAT_7","2007-05-10",44,26,15,15,2007,"05-10"
NA,"LANDSAT_5","2007-05-11",43,26,2,2,2007,"05-11"
NA,"LANDSAT_5","2007-05-18",44,26,1,1,2007,"05-18"
NA,"LANDSAT_7","2007-05-19",43,26,100,100,2007,"05-19"
NA,"LANDSAT_7","2007-05-26",44,26,70,70,2007,"05-26"
NA,"LANDSAT_5","2007-05-27",43,26,84,84,2007,"05-27"
NA,"LANDSAT_7","2007-06-04",43,26,77,77,2007,"06-04"
NA,"LANDSAT_7","2007-06-11",44,26,73,73,2007,"06-11"
NA,"LANDSAT_5","2007-06-12",43,26,54,54,2007,"06-12"
NA,"LANDSAT_5","2007-06-19",44,26,23,23,2007,"06-19"
NA,"LANDSAT_7","2007-06-20",43,26,6,6,2007,"06-20"
NA,"LANDSAT_7","2007-06-27",44,26,97,97,2007,"06-27"
NA,"LANDSAT_5","2007-06-28",43,26,79,79,2007,"06-28"
NA,"LANDSAT_5","2007-07-05",44,26,0,0,2007,"07-05"
NA,"LANDSAT_7","2007-07-06",43,26,1,1,2007,"07-06"
NA,"LANDSAT_7","2007-07-13",44,26,6,6,2007,"07-13"
NA,"LANDSAT_5","2007-07-14",43,26,12,12,2007,"07-14"
NA,"LANDSAT_5","2007-07-21",44,26,47,47,2007,"07-21"
NA,"LANDSAT_7","2007-07-22",43,26,20,20,2007,"07-22"
NA,"LANDSAT_7","2007-07-29",44,26,0,0,2007,"07-29"
NA,"LANDSAT_5","2007-07-30",43,26,0,0,2007,"07-30"
NA,"LANDSAT_5","2007-08-06",44,26,24,24,2007,"08-06"
NA,"LANDSAT_7","2007-08-07",43,26,54,54,2007,"08-07"
NA,"LANDSAT_7","2007-08-14",44,26,0,0,2007,"08-14"
NA,"LANDSAT_5","2007-08-15",43,26,0,0,2007,"08-15"
NA,"LANDSAT_5","2007-08-22",44,26,31,31,2007,"08-22"
NA,"LANDSAT_7","2007-08-23",43,26,9,9,2007,"08-23"
NA,"LANDSAT_7","2007-08-30",44,26,78,78,2007,"08-30"
NA,"LANDSAT_5","2007-08-31",43,26,90,90,2007,"08-31"
NA,"LANDSAT_5","2007-09-07",44,26,44,44,2007,"09-07"
NA,"LANDSAT_7","2007-09-08",43,26,8,8,2007,"09-08"
NA,"LANDSAT_7","2007-09-15",44,26,0,0,2007,"09-15"
NA,"LANDSAT_5","2007-09-16",43,26,3,3,2007,"09-16"
NA,"LANDSAT_5","2007-09-23",44,26,25,25,2007,"09-23"
NA,"LANDSAT_7","2007-09-24",43,26,42,42,2007,"09-24"
NA,"LANDSAT_7","2007-10-01",44,26,16,16,2007,"10-01"
NA,"LANDSAT_7","2007-10-10",43,26,96,96,2007,"10-10"
NA,"LANDSAT_7","2007-10-17",44,26,66,66,2007,"10-17"
NA,"LANDSAT_7","2007-10-26",43,26,1,1,2007,"10-26"
NA,"LANDSAT_7","2007-11-02",44,26,56,56,2007,"11-02"
NA,"LANDSAT_7","2007-11-11",43,26,62,62,2007,"11-11"
NA,"LANDSAT_7","2007-11-27",43,26,91,91,2007,"11-27"
NA,"LANDSAT_7","2007-12-04",44,26,72,72,2007,"12-04"
NA,"LANDSAT_7","2007-12-13",43,26,55,55,2007,"12-13"
NA,"LANDSAT_7","2007-12-20",44,26,16,16,2007,"12-20"
NA,"LANDSAT_7","2007-12-29",43,26,69,69,2007,"12-29"
NA,"LANDSAT_7","2008-01-14",43,26,96,96,2008,"01-14"
NA,"LANDSAT_7","2008-01-21",44,26,0,0,2008,"01-21"
NA,"LANDSAT_7","2008-01-30",43,26,52,52,2008,"01-30"
NA,"LANDSAT_7","2008-02-06",44,26,93,93,2008,"02-06"
NA,"LANDSAT_7","2008-02-15",43,26,91,91,2008,"02-15"
NA,"LANDSAT_7","2008-02-22",44,26,74,74,2008,"02-22"
NA,"LANDSAT_5","2008-03-01",44,26,74,74,2008,"03-01"
NA,"LANDSAT_7","2008-03-02",43,26,11,11,2008,"03-02"
NA,"LANDSAT_7","2008-03-09",44,26,96,96,2008,"03-09"
NA,"LANDSAT_5","2008-03-17",44,26,60,60,2008,"03-17"
NA,"LANDSAT_7","2008-03-18",43,26,58,58,2008,"03-18"
NA,"LANDSAT_7","2008-03-25",44,26,32,32,2008,"03-25"
NA,"LANDSAT_5","2008-03-26",43,26,94,94,2008,"03-26"
NA,"LANDSAT_5","2008-04-02",44,26,26,26,2008,"04-02"
NA,"LANDSAT_7","2008-04-03",43,26,34,34,2008,"04-03"
NA,"LANDSAT_7","2008-04-10",44,26,67,67,2008,"04-10"
NA,"LANDSAT_5","2008-04-11",43,26,22,22,2008,"04-11"
NA,"LANDSAT_5","2008-04-18",44,26,84,84,2008,"04-18"
NA,"LANDSAT_7","2008-04-19",43,26,93,93,2008,"04-19"
NA,"LANDSAT_7","2008-04-26",44,26,0,0,2008,"04-26"
NA,"LANDSAT_5","2008-04-27",43,26,83,83,2008,"04-27"
NA,"LANDSAT_5","2008-05-04",44,26,6,6,2008,"05-04"
NA,"LANDSAT_7","2008-05-05",43,26,100,100,2008,"05-05"
NA,"LANDSAT_7","2008-05-12",44,26,72,72,2008,"05-12"
NA,"LANDSAT_5","2008-05-20",44,26,96,96,2008,"05-20"
NA,"LANDSAT_7","2008-05-21",43,26,97,97,2008,"05-21"
NA,"LANDSAT_7","2008-05-28",44,26,18,18,2008,"05-28"
NA,"LANDSAT_5","2008-05-29",43,26,79,79,2008,"05-29"
NA,"LANDSAT_7","2008-06-06",43,26,79,79,2008,"06-06"
NA,"LANDSAT_7","2008-06-13",44,26,18,18,2008,"06-13"
NA,"LANDSAT_5","2008-06-14",43,26,10,10,2008,"06-14"
NA,"LANDSAT_5","2008-06-21",44,26,88,88,2008,"06-21"
NA,"LANDSAT_7","2008-06-22",43,26,60,60,2008,"06-22"
NA,"LANDSAT_7","2008-06-29",44,26,0,0,2008,"06-29"
NA,"LANDSAT_5","2008-06-30",43,26,57,57,2008,"06-30"
NA,"LANDSAT_5","2008-07-07",44,26,14,14,2008,"07-07"
NA,"LANDSAT_7","2008-07-08",43,26,1,1,2008,"07-08"
NA,"LANDSAT_7","2008-07-15",44,26,11,11,2008,"07-15"
NA,"LANDSAT_5","2008-07-16",43,26,10,10,2008,"07-16"
NA,"LANDSAT_5","2008-07-23",44,26,73,73,2008,"07-23"
NA,"LANDSAT_7","2008-07-24",43,26,10,10,2008,"07-24"
NA,"LANDSAT_7","2008-07-31",44,26,41,41,2008,"07-31"
NA,"LANDSAT_5","2008-08-01",43,26,80,80,2008,"08-01"
NA,"LANDSAT_5","2008-08-08",44,26,69,69,2008,"08-08"
NA,"LANDSAT_7","2008-08-09",43,26,66,66,2008,"08-09"
NA,"LANDSAT_7","2008-08-16",44,26,0,0,2008,"08-16"
NA,"LANDSAT_5","2008-08-17",43,26,5,5,2008,"08-17"
NA,"LANDSAT_5","2008-08-24",44,26,39,39,2008,"08-24"
NA,"LANDSAT_7","2008-09-01",44,26,34,34,2008,"09-01"
NA,"LANDSAT_5","2008-09-02",43,26,24,24,2008,"09-02"
NA,"LANDSAT_5","2008-09-09",44,26,11,11,2008,"09-09"
NA,"LANDSAT_7","2008-09-10",43,26,10,10,2008,"09-10"
NA,"LANDSAT_7","2008-09-17",44,26,2,2,2008,"09-17"
NA,"LANDSAT_5","2008-09-18",43,26,4,4,2008,"09-18"
NA,"LANDSAT_5","2008-09-25",44,26,59,59,2008,"09-25"
NA,"LANDSAT_7","2008-09-26",43,26,44,44,2008,"09-26"
NA,"LANDSAT_7","2008-10-03",44,26,100,100,2008,"10-03"
NA,"LANDSAT_7","2008-10-12",43,26,3,3,2008,"10-12"
NA,"LANDSAT_7","2008-10-19",44,26,2,2,2008,"10-19"
NA,"LANDSAT_7","2008-10-28",43,26,28,28,2008,"10-28"
NA,"LANDSAT_7","2008-11-13",43,26,68,68,2008,"11-13"
NA,"LANDSAT_7","2008-11-20",44,26,81,81,2008,"11-20"
NA,"LANDSAT_7","2008-11-29",43,26,63,63,2008,"11-29"
NA,"LANDSAT_7","2008-12-06",44,26,89,89,2008,"12-06"
NA,"LANDSAT_7","2008-12-15",43,26,1,1,2008,"12-15"
NA,"LANDSAT_7","2008-12-31",43,26,57,57,2008,"12-31"
NA,"LANDSAT_5","2009-01-15",44,26,37,37,2009,"01-15"
NA,"LANDSAT_7","2009-01-16",43,26,73,73,2009,"01-16"
NA,"LANDSAT_7","2009-01-23",44,26,18,18,2009,"01-23"
NA,"LANDSAT_5","2009-01-24",43,26,62,62,2009,"01-24"
NA,"LANDSAT_5","2009-01-31",44,26,25,25,2009,"01-31"
NA,"LANDSAT_7","2009-02-01",43,26,48,48,2009,"02-01"
NA,"LANDSAT_7","2009-02-08",44,26,14,14,2009,"02-08"
NA,"LANDSAT_5","2009-02-09",43,26,78,78,2009,"02-09"
NA,"LANDSAT_7","2009-02-17",43,26,57,57,2009,"02-17"
NA,"LANDSAT_5","2009-03-04",44,26,54,54,2009,"03-04"
NA,"LANDSAT_7","2009-03-12",44,26,0,0,2009,"03-12"
NA,"LANDSAT_5","2009-03-13",43,26,31,31,2009,"03-13"
NA,"LANDSAT_7","2009-03-28",44,26,100,100,2009,"03-28"
NA,"LANDSAT_5","2009-03-29",43,26,100,100,2009,"03-29"
NA,"LANDSAT_5","2009-04-05",44,26,17,17,2009,"04-05"
NA,"LANDSAT_7","2009-04-06",43,26,3,3,2009,"04-06"
NA,"LANDSAT_7","2009-04-13",44,26,67,67,2009,"04-13"
NA,"LANDSAT_5","2009-04-14",43,26,66,66,2009,"04-14"
NA,"LANDSAT_5","2009-04-21",44,26,8,8,2009,"04-21"
NA,"LANDSAT_7","2009-04-22",43,26,89,89,2009,"04-22"
NA,"LANDSAT_7","2009-04-29",44,26,93,93,2009,"04-29"
NA,"LANDSAT_5","2009-04-30",43,26,44,44,2009,"04-30"
NA,"LANDSAT_5","2009-05-07",44,26,97,97,2009,"05-07"
NA,"LANDSAT_7","2009-05-15",44,26,33,33,2009,"05-15"
NA,"LANDSAT_5","2009-05-16",43,26,24,24,2009,"05-16"
NA,"LANDSAT_5","2009-05-23",44,26,8,8,2009,"05-23"
NA,"LANDSAT_7","2009-05-24",43,26,16,16,2009,"05-24"
NA,"LANDSAT_7","2009-05-31",44,26,26,26,2009,"05-31"
NA,"LANDSAT_5","2009-06-01",43,26,14,14,2009,"06-01"
NA,"LANDSAT_5","2009-06-08",44,26,76,76,2009,"06-08"
NA,"LANDSAT_7","2009-06-09",43,26,94,94,2009,"06-09"
NA,"LANDSAT_7","2009-06-16",44,26,45,45,2009,"06-16"
NA,"LANDSAT_5","2009-06-17",43,26,90,90,2009,"06-17"
NA,"LANDSAT_5","2009-06-24",44,26,83,83,2009,"06-24"
NA,"LANDSAT_7","2009-06-25",43,26,61,61,2009,"06-25"
NA,"LANDSAT_7","2009-07-02",44,26,0,0,2009,"07-02"
NA,"LANDSAT_5","2009-07-03",43,26,1,1,2009,"07-03"
NA,"LANDSAT_5","2009-07-10",44,26,25,25,2009,"07-10"
NA,"LANDSAT_7","2009-07-11",43,26,3,3,2009,"07-11"
NA,"LANDSAT_7","2009-07-18",44,26,35,35,2009,"07-18"
NA,"LANDSAT_5","2009-07-19",43,26,2,2,2009,"07-19"
NA,"LANDSAT_5","2009-07-26",44,26,31,31,2009,"07-26"
NA,"LANDSAT_7","2009-07-27",43,26,18,18,2009,"07-27"
NA,"LANDSAT_7","2009-08-03",44,26,5,5,2009,"08-03"
NA,"LANDSAT_5","2009-08-04",43,26,20,20,2009,"08-04"
NA,"LANDSAT_5","2009-08-11",44,26,97,97,2009,"08-11"
NA,"LANDSAT_7","2009-08-19",44,26,0,0,2009,"08-19"
NA,"LANDSAT_5","2009-08-20",43,26,5,5,2009,"08-20"
NA,"LANDSAT_5","2009-08-27",44,26,11,11,2009,"08-27"
NA,"LANDSAT_7","2009-08-28",43,26,0,0,2009,"08-28"
NA,"LANDSAT_7","2009-09-04",44,26,8,8,2009,"09-04"
NA,"LANDSAT_5","2009-09-05",43,26,54,54,2009,"09-05"
NA,"LANDSAT_5","2009-09-12",44,26,0,0,2009,"09-12"
NA,"LANDSAT_7","2009-09-13",43,26,0,0,2009,"09-13"
NA,"LANDSAT_7","2009-09-20",44,26,26,26,2009,"09-20"
NA,"LANDSAT_5","2009-09-21",43,26,0,0,2009,"09-21"
NA,"LANDSAT_5","2009-09-28",44,26,0,0,2009,"09-28"
NA,"LANDSAT_7","2009-09-29",43,26,97,97,2009,"09-29"
NA,"LANDSAT_5","2009-10-07",43,26,70,70,2009,"10-07"
NA,"LANDSAT_7","2009-10-15",43,26,70,70,2009,"10-15"
NA,"LANDSAT_7","2009-10-22",44,26,76,76,2009,"10-22"
NA,"LANDSAT_7","2009-10-31",43,26,76,76,2009,"10-31"
NA,"LANDSAT_7","2009-11-07",44,26,83,83,2009,"11-07"
NA,"LANDSAT_5","2009-11-08",43,26,95,95,2009,"11-08"
NA,"LANDSAT_7","2009-11-16",43,26,93,93,2009,"11-16"
NA,"LANDSAT_7","2009-11-23",44,26,94,94,2009,"11-23"
NA,"LANDSAT_5","2009-11-24",43,26,69,69,2009,"11-24"
NA,"LANDSAT_5","2009-12-01",44,26,1,1,2009,"12-01"
NA,"LANDSAT_7","2009-12-02",43,26,11,11,2009,"12-02"
NA,"LANDSAT_7","2009-12-09",44,26,33,33,2009,"12-09"
NA,"LANDSAT_5","2009-12-10",43,26,54,54,2009,"12-10"
NA,"LANDSAT_7","2009-12-25",44,26,6,6,2009,"12-25"
NA,"LANDSAT_5","2010-01-18",44,26,71,71,2010,"01-18"
NA,"LANDSAT_7","2010-01-26",44,26,54,54,2010,"01-26"
NA,"LANDSAT_5","2010-01-27",43,26,30,30,2010,"01-27"
NA,"LANDSAT_5","2010-02-19",44,26,8,8,2010,"02-19"
NA,"LANDSAT_7","2010-02-20",43,26,7,7,2010,"02-20"
NA,"LANDSAT_7","2010-02-27",44,26,76,76,2010,"02-27"
NA,"LANDSAT_5","2010-02-28",43,26,24,24,2010,"02-28"
NA,"LANDSAT_5","2010-03-07",44,26,36,36,2010,"03-07"
NA,"LANDSAT_7","2010-03-15",44,26,32,32,2010,"03-15"
NA,"LANDSAT_5","2010-03-16",43,26,67,67,2010,"03-16"
NA,"LANDSAT_5","2010-03-23",44,26,4,4,2010,"03-23"
NA,"LANDSAT_7","2010-03-24",43,26,3,3,2010,"03-24"
NA,"LANDSAT_7","2010-03-31",44,26,61,61,2010,"03-31"
NA,"LANDSAT_5","2010-04-01",43,26,67,67,2010,"04-01"
NA,"LANDSAT_5","2010-04-08",44,26,77,77,2010,"04-08"
NA,"LANDSAT_7","2010-04-09",43,26,83,83,2010,"04-09"
NA,"LANDSAT_7","2010-04-16",44,26,19,19,2010,"04-16"
NA,"LANDSAT_5","2010-04-17",43,26,68,68,2010,"04-17"
NA,"LANDSAT_5","2010-04-24",44,26,60,60,2010,"04-24"
NA,"LANDSAT_7","2010-04-25",43,26,49,49,2010,"04-25"
NA,"LANDSAT_7","2010-05-02",44,26,96,96,2010,"05-02"
NA,"LANDSAT_5","2010-05-03",43,26,92,92,2010,"05-03"
NA,"LANDSAT_5","2010-05-10",44,26,31,31,2010,"05-10"
NA,"LANDSAT_7","2010-05-11",43,26,25,25,2010,"05-11"
NA,"LANDSAT_7","2010-05-18",44,26,100,100,2010,"05-18"
NA,"LANDSAT_5","2010-05-19",43,26,42,42,2010,"05-19"
NA,"LANDSAT_5","2010-05-26",44,26,86,86,2010,"05-26"
NA,"LANDSAT_7","2010-06-03",44,26,52,52,2010,"06-03"
NA,"LANDSAT_5","2010-06-11",44,26,82,82,2010,"06-11"
NA,"LANDSAT_7","2010-06-12",43,26,3,3,2010,"06-12"
NA,"LANDSAT_7","2010-06-19",44,26,19,19,2010,"06-19"
NA,"LANDSAT_5","2010-06-20",43,26,57,57,2010,"06-20"
NA,"LANDSAT_5","2010-06-27",44,26,17,17,2010,"06-27"
NA,"LANDSAT_7","2010-06-28",43,26,18,18,2010,"06-28"
NA,"LANDSAT_7","2010-07-05",44,26,59,59,2010,"07-05"
NA,"LANDSAT_5","2010-07-06",43,26,30,30,2010,"07-06"
NA,"LANDSAT_5","2010-07-13",44,26,81,81,2010,"07-13"
NA,"LANDSAT_7","2010-07-14",43,26,8,8,2010,"07-14"
NA,"LANDSAT_7","2010-07-21",44,26,10,10,2010,"07-21"
NA,"LANDSAT_5","2010-07-22",43,26,84,84,2010,"07-22"
NA,"LANDSAT_5","2010-07-29",44,26,14,14,2010,"07-29"
NA,"LANDSAT_7","2010-07-30",43,26,75,75,2010,"07-30"
NA,"LANDSAT_5","2010-08-07",43,26,40,40,2010,"08-07"
NA,"LANDSAT_5","2010-08-14",44,26,15,15,2010,"08-14"
NA,"LANDSAT_7","2010-08-15",43,26,1,1,2010,"08-15"
NA,"LANDSAT_7","2010-08-22",44,26,50,50,2010,"08-22"
NA,"LANDSAT_5","2010-08-23",43,26,22,22,2010,"08-23"
NA,"LANDSAT_5","2010-08-30",44,26,52,52,2010,"08-30"
NA,"LANDSAT_5","2010-09-08",43,26,90,90,2010,"09-08"
NA,"LANDSAT_7","2010-09-16",43,26,74,74,2010,"09-16"
NA,"LANDSAT_7","2010-09-23",44,26,76,76,2010,"09-23"
NA,"LANDSAT_5","2010-09-24",43,26,98,98,2010,"09-24"
NA,"LANDSAT_5","2010-10-01",44,26,0,0,2010,"10-01"
NA,"LANDSAT_7","2010-10-02",43,26,0,0,2010,"10-02"
NA,"LANDSAT_7","2010-10-09",44,26,100,100,2010,"10-09"
NA,"LANDSAT_5","2010-10-17",44,26,0,0,2010,"10-17"
NA,"LANDSAT_7","2010-10-18",43,26,49,49,2010,"10-18"
NA,"LANDSAT_7","2010-11-10",44,26,13,13,2010,"11-10"
NA,"LANDSAT_5","2010-11-11",43,26,98,98,2010,"11-11"
NA,"LANDSAT_5","2010-11-18",44,26,64,64,2010,"11-18"
NA,"LANDSAT_5","2010-11-27",43,26,73,73,2010,"11-27"
NA,"LANDSAT_5","2010-12-04",44,26,14,14,2010,"12-04"
NA,"LANDSAT_7","2010-12-05",43,26,24,24,2010,"12-05"
NA,"LANDSAT_5","2010-12-20",44,26,79,79,2010,"12-20"
NA,"LANDSAT_7","2010-12-28",44,26,62,62,2010,"12-28"
NA,"LANDSAT_7","2011-01-06",43,26,76,76,2011,"01-06"
NA,"LANDSAT_7","2011-01-22",43,26,17,17,2011,"01-22"
NA,"LANDSAT_5","2011-01-30",43,26,58,58,2011,"01-30"
NA,"LANDSAT_7","2011-02-23",43,26,93,93,2011,"02-23"
NA,"LANDSAT_5","2011-03-03",43,26,39,39,2011,"03-03"
NA,"LANDSAT_7","2011-03-11",43,26,94,94,2011,"03-11"
NA,"LANDSAT_7","2011-03-18",44,26,89,89,2011,"03-18"
NA,"LANDSAT_5","2011-03-26",44,26,75,75,2011,"03-26"
NA,"LANDSAT_7","2011-04-03",44,26,58,58,2011,"04-03"
NA,"LANDSAT_5","2011-04-04",43,26,96,96,2011,"04-04"
NA,"LANDSAT_5","2011-04-11",44,26,53,53,2011,"04-11"
NA,"LANDSAT_7","2011-04-12",43,26,37,37,2011,"04-12"
NA,"LANDSAT_7","2011-04-19",44,26,57,57,2011,"04-19"
NA,"LANDSAT_5","2011-04-20",43,26,87,87,2011,"04-20"
NA,"LANDSAT_5","2011-04-27",44,26,89,89,2011,"04-27"
NA,"LANDSAT_7","2011-04-28",43,26,88,88,2011,"04-28"
NA,"LANDSAT_7","2011-05-05",44,26,94,94,2011,"05-05"
NA,"LANDSAT_5","2011-05-06",43,26,86,86,2011,"05-06"
NA,"LANDSAT_5","2011-05-13",44,26,52,52,2011,"05-13"
NA,"LANDSAT_7","2011-05-14",43,26,14,14,2011,"05-14"
NA,"LANDSAT_7","2011-05-21",44,26,80,80,2011,"05-21"
NA,"LANDSAT_5","2011-05-29",44,26,15,15,2011,"05-29"
NA,"LANDSAT_7","2011-05-30",43,26,34,34,2011,"05-30"
NA,"LANDSAT_5","2011-06-07",43,26,92,92,2011,"06-07"
NA,"LANDSAT_5","2011-06-14",44,26,44,44,2011,"06-14"
NA,"LANDSAT_7","2011-06-22",44,26,50,50,2011,"06-22"
NA,"LANDSAT_5","2011-06-23",43,26,73,73,2011,"06-23"
NA,"LANDSAT_5","2011-06-30",44,26,56,56,2011,"06-30"
NA,"LANDSAT_7","2011-07-01",43,26,15,15,2011,"07-01"
NA,"LANDSAT_7","2011-07-08",44,26,44,44,2011,"07-08"
NA,"LANDSAT_5","2011-07-09",43,26,10,10,2011,"07-09"
NA,"LANDSAT_5","2011-07-16",44,26,59,59,2011,"07-16"
NA,"LANDSAT_7","2011-07-17",43,26,15,15,2011,"07-17"
NA,"LANDSAT_7","2011-07-24",44,26,0,0,2011,"07-24"
NA,"LANDSAT_5","2011-07-25",43,26,50,50,2011,"07-25"
NA,"LANDSAT_5","2011-08-01",44,26,0,0,2011,"08-01"
NA,"LANDSAT_7","2011-08-02",43,26,23,23,2011,"08-02"
NA,"LANDSAT_7","2011-08-09",44,26,2,2,2011,"08-09"
NA,"LANDSAT_5","2011-08-10",43,26,6,6,2011,"08-10"
NA,"LANDSAT_5","2011-08-17",44,26,0,0,2011,"08-17"
NA,"LANDSAT_7","2011-08-18",43,26,30,30,2011,"08-18"
NA,"LANDSAT_7","2011-08-25",44,26,2,2,2011,"08-25"
NA,"LANDSAT_5","2011-08-26",43,26,2,2,2011,"08-26"
NA,"LANDSAT_5","2011-09-02",44,26,10,10,2011,"09-02"
NA,"LANDSAT_7","2011-09-03",43,26,0,0,2011,"09-03"
NA,"LANDSAT_7","2011-09-10",44,26,0,0,2011,"09-10"
NA,"LANDSAT_5","2011-09-11",43,26,0,0,2011,"09-11"
NA,"LANDSAT_5","2011-09-18",44,26,87,87,2011,"09-18"
NA,"LANDSAT_7","2011-09-19",43,26,22,22,2011,"09-19"
NA,"LANDSAT_7","2011-09-26",44,26,100,100,2011,"09-26"
NA,"LANDSAT_5","2011-09-27",43,26,91,91,2011,"09-27"
NA,"LANDSAT_5","2011-10-04",44,26,92,92,2011,"10-04"
NA,"LANDSAT_7","2011-10-12",44,26,68,68,2011,"10-12"
NA,"LANDSAT_5","2011-10-13",43,26,35,35,2011,"10-13"
NA,"LANDSAT_5","2011-10-20",44,26,75,75,2011,"10-20"
NA,"LANDSAT_7","2011-10-28",44,26,96,96,2011,"10-28"
NA,"LANDSAT_5","2011-10-29",43,26,25,25,2011,"10-29"
NA,"LANDSAT_5","2011-11-05",44,26,41,41,2011,"11-05"
NA,"LANDSAT_7","2011-11-06",43,26,48,48,2011,"11-06"
NA,"LANDSAT_7","2011-11-13",44,26,53,53,2011,"11-13"
NA,"LANDSAT_5","2011-11-14",43,26,72,72,2011,"11-14"
NA,"LANDSAT_7","2011-12-08",43,26,28,28,2011,"12-08"
NA,"LANDSAT_7","2011-12-15",44,26,80,80,2011,"12-15"
NA,"LANDSAT_7","2011-12-31",44,26,100,100,2011,"12-31"
NA,"LANDSAT_7","2012-01-09",43,26,62,62,2012,"01-09"
NA,"LANDSAT_7","2012-01-16",44,26,88,88,2012,"01-16"
NA,"LANDSAT_7","2012-01-25",43,26,51,51,2012,"01-25"
NA,"LANDSAT_7","2012-02-17",44,26,95,95,2012,"02-17"
NA,"LANDSAT_7","2012-02-26",43,26,82,82,2012,"02-26"
NA,"LANDSAT_7","2012-03-04",44,26,55,55,2012,"03-04"
NA,"LANDSAT_7","2012-03-20",44,26,88,88,2012,"03-20"
NA,"LANDSAT_7","2012-04-05",44,26,55,55,2012,"04-05"
NA,"LANDSAT_7","2012-04-14",43,26,91,91,2012,"04-14"
NA,"LANDSAT_7","2012-04-21",44,26,51,51,2012,"04-21"
NA,"LANDSAT_7","2012-05-23",44,26,81,81,2012,"05-23"
NA,"LANDSAT_7","2012-06-08",44,26,86,86,2012,"06-08"
NA,"LANDSAT_7","2012-06-17",43,26,75,75,2012,"06-17"
NA,"LANDSAT_7","2012-06-24",44,26,89,89,2012,"06-24"
NA,"LANDSAT_7","2012-07-03",43,26,75,75,2012,"07-03"
NA,"LANDSAT_7","2012-07-10",44,26,21,21,2012,"07-10"
NA,"LANDSAT_7","2012-07-19",43,26,2,2,2012,"07-19"
NA,"LANDSAT_7","2012-07-26",44,26,11,11,2012,"07-26"
NA,"LANDSAT_7","2012-08-04",43,26,1,1,2012,"08-04"
NA,"LANDSAT_7","2012-08-11",44,26,8,8,2012,"08-11"
NA,"LANDSAT_7","2012-08-20",43,26,8,8,2012,"08-20"
NA,"LANDSAT_7","2012-08-27",44,26,2,2,2012,"08-27"
NA,"LANDSAT_7","2012-09-05",43,26,47,47,2012,"09-05"
NA,"LANDSAT_7","2012-09-12",44,26,0,0,2012,"09-12"
NA,"LANDSAT_7","2012-09-28",44,26,1,1,2012,"09-28"
NA,"LANDSAT_7","2012-10-07",43,26,8,8,2012,"10-07"
NA,"LANDSAT_7","2012-11-08",43,26,77,77,2012,"11-08"
NA,"LANDSAT_7","2012-11-15",44,26,77,77,2012,"11-15"
NA,"LANDSAT_7","2012-11-24",43,26,31,31,2012,"11-24"
NA,"LANDSAT_7","2012-12-10",43,26,73,73,2012,"12-10"
NA,"LANDSAT_7","2012-12-26",43,26,9,9,2012,"12-26"
NA,"LANDSAT_7","2013-01-02",44,26,73,73,2013,"01-02"
NA,"LANDSAT_7","2013-01-11",43,26,20,20,2013,"01-11"
NA,"LANDSAT_7","2013-01-18",44,26,78,78,2013,"01-18"
NA,"LANDSAT_7","2013-01-27",43,26,92,92,2013,"01-27"
NA,"LANDSAT_7","2013-02-19",44,26,87,87,2013,"02-19"
NA,"LANDSAT_7","2013-02-28",43,26,100,100,2013,"02-28"
NA,"LANDSAT_8","2013-03-22",42,26,54.55,54.55,2013,"03-22"
NA,"LANDSAT_7","2013-03-23",44,26,21,21,2013,"03-23"
NA,"LANDSAT_7","2013-04-08",44,26,92,92,2013,"04-08"
NA,"LANDSAT_8","2013-04-09",44,26,87.1,87.1,2013,"04-09"
NA,"LANDSAT_8","2013-04-16",44,26,60.88,60.88,2013,"04-16"
NA,"LANDSAT_7","2013-04-17",43,26,13,13,2013,"04-17"
NA,"LANDSAT_7","2013-04-24",44,26,15,15,2013,"04-24"
NA,"LANDSAT_8","2013-04-25",43,26,7.83,7.83,2013,"04-25"
NA,"LANDSAT_7","2013-05-03",43,26,57,57,2013,"05-03"
NA,"LANDSAT_7","2013-05-10",44,26,1,1,2013,"05-10"
NA,"LANDSAT_8","2013-05-11",43,26,29.7,29.7,2013,"05-11"
NA,"LANDSAT_7","2013-05-19",43,26,93,93,2013,"05-19"
NA,"LANDSAT_7","2013-05-26",44,26,54,54,2013,"05-26"
NA,"LANDSAT_8","2013-05-27",43,26,91.89,91.89,2013,"05-27"
NA,"LANDSAT_8","2013-06-03",44,26,51.31,51.31,2013,"06-03"
NA,"LANDSAT_7","2013-06-04",43,26,21,21,2013,"06-04"
NA,"LANDSAT_7","2013-06-11",44,26,56,56,2013,"06-11"
NA,"LANDSAT_8","2013-06-12",43,26,25.2,25.2,2013,"06-12"
NA,"LANDSAT_8","2013-06-28",43,26,10.36,10.36,2013,"06-28"
NA,"LANDSAT_8","2013-07-05",44,25,46.84,46.84,2013,"07-05"
NA,"LANDSAT_8","2013-07-05",44,26,26.31,26.31,2013,"07-05"
NA,"LANDSAT_7","2013-07-06",43,26,30,30,2013,"07-06"
NA,"LANDSAT_7","2013-07-13",44,26,28,28,2013,"07-13"
NA,"LANDSAT_8","2013-07-14",43,26,2.94,2.94,2013,"07-14"
NA,"LANDSAT_8","2013-07-21",44,25,15.28,15.28,2013,"07-21"
NA,"LANDSAT_8","2013-07-21",44,26,0.43,0.43,2013,"07-21"
NA,"LANDSAT_7","2013-07-22",43,26,1,1,2013,"07-22"
NA,"LANDSAT_7","2013-07-29",44,26,14,14,2013,"07-29"
NA,"LANDSAT_8","2013-07-30",43,26,17.4,17.4,2013,"07-30"
NA,"LANDSAT_8","2013-08-06",44,25,33.91,33.91,2013,"08-06"
NA,"LANDSAT_8","2013-08-06",44,26,18.65,18.65,2013,"08-06"
NA,"LANDSAT_7","2013-08-14",44,26,30,30,2013,"08-14"
NA,"LANDSAT_8","2013-08-15",43,26,43.37,43.37,2013,"08-15"
NA,"LANDSAT_8","2013-08-22",44,25,1.72,1.72,2013,"08-22"
NA,"LANDSAT_8","2013-08-22",44,26,42.97,42.97,2013,"08-22"
NA,"LANDSAT_7","2013-08-23",43,26,78,78,2013,"08-23"
NA,"LANDSAT_7","2013-08-30",44,26,42,42,2013,"08-30"
NA,"LANDSAT_8","2013-08-31",43,26,2.45,2.45,2013,"08-31"
NA,"LANDSAT_7","2013-09-08",43,26,77,77,2013,"09-08"
NA,"LANDSAT_7","2013-09-15",44,26,19,19,2013,"09-15"
NA,"LANDSAT_8","2013-09-16",43,26,81.76,81.76,2013,"09-16"
NA,"LANDSAT_8","2013-09-23",44,25,85.02,85.02,2013,"09-23"
NA,"LANDSAT_8","2013-09-23",44,26,94.81,94.81,2013,"09-23"
NA,"LANDSAT_7","2013-10-01",44,26,89,89,2013,"10-01"
NA,"LANDSAT_8","2013-10-02",43,26,89.66,89.66,2013,"10-02"
NA,"LANDSAT_8","2013-10-09",44,25,45.58,45.58,2013,"10-09"
NA,"LANDSAT_8","2013-10-09",44,26,18.22,18.22,2013,"10-09"
NA,"LANDSAT_7","2013-10-17",44,26,1,1,2013,"10-17"
NA,"LANDSAT_8","2013-10-18",43,26,4.83,4.83,2013,"10-18"
NA,"LANDSAT_8","2013-10-25",44,25,21.28,21.28,2013,"10-25"
NA,"LANDSAT_8","2013-10-25",44,26,20.47,20.47,2013,"10-25"
NA,"LANDSAT_7","2013-10-26",43,26,42,42,2013,"10-26"
NA,"LANDSAT_8","2013-11-03",43,26,95.68,95.68,2013,"11-03"
NA,"LANDSAT_7","2013-11-11",43,26,83,83,2013,"11-11"
NA,"LANDSAT_8","2013-11-19",43,26,61.01,61.01,2013,"11-19"
NA,"LANDSAT_8","2013-11-26",44,25,45,45,2013,"11-26"
NA,"LANDSAT_8","2013-11-26",44,26,70.86,70.86,2013,"11-26"
NA,"LANDSAT_7","2013-11-27",43,26,34,34,2013,"11-27"
NA,"LANDSAT_7","2013-12-04",44,26,51,51,2013,"12-04"
NA,"LANDSAT_8","2013-12-05",43,26,44.16,44.16,2013,"12-05"
NA,"LANDSAT_8","2013-12-21",43,26,41.5,41.5,2013,"12-21"
NA,"LANDSAT_8","2013-12-28",44,25,64.01,64.01,2013,"12-28"
NA,"LANDSAT_8","2013-12-28",44,26,25.98,25.98,2013,"12-28"
NA,"LANDSAT_7","2014-01-05",44,26,1,1,2014,"01-05"
NA,"LANDSAT_8","2014-01-06",43,26,50.16,50.16,2014,"01-06"
NA,"LANDSAT_8","2014-01-13",44,26,93.31,93.31,2014,"01-13"
NA,"LANDSAT_7","2014-01-14",43,26,88,88,2014,"01-14"
NA,"LANDSAT_7","2014-01-21",44,26,41,41,2014,"01-21"
NA,"LANDSAT_8","2014-01-22",43,26,81.67,81.67,2014,"01-22"
NA,"LANDSAT_7","2014-02-06",44,26,1,1,2014,"02-06"
NA,"LANDSAT_8","2014-02-07",43,26,75.45,75.45,2014,"02-07"
NA,"LANDSAT_7","2014-02-15",43,26,100,100,2014,"02-15"
NA,"LANDSAT_7","2014-02-22",44,26,59,59,2014,"02-22"
NA,"LANDSAT_8","2014-02-23",43,26,100,100,2014,"02-23"
NA,"LANDSAT_7","2014-03-10",44,26,83,83,2014,"03-10"
NA,"LANDSAT_8","2014-03-11",43,26,17.78,17.78,2014,"03-11"
NA,"LANDSAT_8","2014-03-18",44,25,44.77,44.77,2014,"03-18"
NA,"LANDSAT_8","2014-03-18",44,26,8.41,8.41,2014,"03-18"
NA,"LANDSAT_7","2014-03-26",44,26,50,50,2014,"03-26"
NA,"LANDSAT_8","2014-03-27",43,26,99.92,99.92,2014,"03-27"
NA,"LANDSAT_8","2014-04-03",44,25,100,100,2014,"04-03"
NA,"LANDSAT_8","2014-04-03",44,26,97.05,97.05,2014,"04-03"
NA,"LANDSAT_7","2014-04-04",43,26,75,75,2014,"04-04"
NA,"LANDSAT_7","2014-04-11",44,26,58,58,2014,"04-11"
NA,"LANDSAT_8","2014-04-12",43,26,54.36,54.36,2014,"04-12"
NA,"LANDSAT_8","2014-04-19",44,25,91.54,91.54,2014,"04-19"
NA,"LANDSAT_8","2014-04-19",44,26,99.97,99.97,2014,"04-19"
NA,"LANDSAT_7","2014-04-20",43,26,61,61,2014,"04-20"
NA,"LANDSAT_7","2014-04-27",44,26,95,95,2014,"04-27"
NA,"LANDSAT_8","2014-04-28",43,26,70.36,70.36,2014,"04-28"
NA,"LANDSAT_8","2014-05-05",44,25,81.4,81.4,2014,"05-05"
NA,"LANDSAT_8","2014-05-05",44,26,81.28,81.28,2014,"05-05"
NA,"LANDSAT_7","2014-05-06",43,26,30,30,2014,"05-06"
NA,"LANDSAT_7","2014-05-13",44,26,49,49,2014,"05-13"
NA,"LANDSAT_8","2014-05-14",43,26,22.64,22.64,2014,"05-14"
NA,"LANDSAT_8","2014-05-21",44,25,68.38,68.38,2014,"05-21"
NA,"LANDSAT_8","2014-05-21",44,26,53.33,53.33,2014,"05-21"
NA,"LANDSAT_7","2014-05-22",43,26,5,5,2014,"05-22"
NA,"LANDSAT_7","2014-05-29",44,26,94,94,2014,"05-29"
NA,"LANDSAT_8","2014-05-30",43,26,36.23,36.23,2014,"05-30"
NA,"LANDSAT_8","2014-06-06",44,25,5.71,5.71,2014,"06-06"
NA,"LANDSAT_8","2014-06-06",44,26,6.6,6.6,2014,"06-06"
NA,"LANDSAT_7","2014-06-07",43,26,70,70,2014,"06-07"
NA,"LANDSAT_7","2014-06-14",44,26,86,86,2014,"06-14"
NA,"LANDSAT_8","2014-06-22",44,25,13.41,13.41,2014,"06-22"
NA,"LANDSAT_8","2014-06-22",44,26,10.16,10.16,2014,"06-22"
NA,"LANDSAT_7","2014-06-23",43,26,41,41,2014,"06-23"
NA,"LANDSAT_7","2014-06-30",44,26,17,17,2014,"06-30"
NA,"LANDSAT_8","2014-07-01",43,26,7.68,7.68,2014,"07-01"
NA,"LANDSAT_8","2014-07-08",44,25,12.23,12.23,2014,"07-08"
NA,"LANDSAT_8","2014-07-08",44,26,7.43,7.43,2014,"07-08"
NA,"LANDSAT_7","2014-07-09",43,26,22,22,2014,"07-09"
NA,"LANDSAT_7","2014-07-16",44,26,1,1,2014,"07-16"
NA,"LANDSAT_8","2014-07-17",43,26,20.07,20.07,2014,"07-17"
NA,"LANDSAT_7","2014-07-25",43,26,35,35,2014,"07-25"
NA,"LANDSAT_7","2014-08-01",44,26,47,47,2014,"08-01"
NA,"LANDSAT_8","2014-08-02",43,26,34.09,34.09,2014,"08-02"
NA,"LANDSAT_8","2014-08-09",44,25,16.95,16.95,2014,"08-09"
NA,"LANDSAT_8","2014-08-09",44,26,35.42,35.42,2014,"08-09"
NA,"LANDSAT_7","2014-08-10",43,26,4,4,2014,"08-10"
NA,"LANDSAT_7","2014-08-17",44,26,33,33,2014,"08-17"
NA,"LANDSAT_8","2014-08-18",43,26,4.12,4.12,2014,"08-18"
NA,"LANDSAT_8","2014-08-25",44,25,71.25,71.25,2014,"08-25"
NA,"LANDSAT_8","2014-08-25",44,26,24.77,24.77,2014,"08-25"
NA,"LANDSAT_7","2014-08-26",43,26,2,2,2014,"08-26"
NA,"LANDSAT_7","2014-09-02",44,26,78,78,2014,"09-02"
NA,"LANDSAT_8","2014-09-03",43,26,96.34,96.34,2014,"09-03"
NA,"LANDSAT_8","2014-09-10",44,25,95.16,95.16,2014,"09-10"
NA,"LANDSAT_8","2014-09-10",44,26,30.8,30.8,2014,"09-10"
NA,"LANDSAT_7","2014-09-11",43,26,1,1,2014,"09-11"
NA,"LANDSAT_7","2014-09-18",44,26,93,93,2014,"09-18"
NA,"LANDSAT_8","2014-09-19",43,26,75.29,75.29,2014,"09-19"
NA,"LANDSAT_8","2014-09-26",44,26,75.31,75.31,2014,"09-26"
NA,"LANDSAT_7","2014-10-04",44,26,52,52,2014,"10-04"
NA,"LANDSAT_8","2014-10-05",43,26,32.86,32.86,2014,"10-05"
NA,"LANDSAT_8","2014-10-12",44,25,80.83,80.83,2014,"10-12"
NA,"LANDSAT_8","2014-10-12",44,26,56.6,56.6,2014,"10-12"
NA,"LANDSAT_7","2014-10-13",43,26,56,56,2014,"10-13"
NA,"LANDSAT_7","2014-10-20",44,26,50,50,2014,"10-20"
NA,"LANDSAT_8","2014-10-21",43,26,85.55,85.55,2014,"10-21"
NA,"LANDSAT_7","2014-11-05",44,26,100,100,2014,"11-05"
NA,"LANDSAT_8","2014-11-13",44,25,4.15,4.15,2014,"11-13"
NA,"LANDSAT_8","2014-11-13",44,26,3.21,3.21,2014,"11-13"
NA,"LANDSAT_7","2014-11-14",43,26,2,2,2014,"11-14"
NA,"LANDSAT_8","2014-11-22",43,26,72.68,72.68,2014,"11-22"
NA,"LANDSAT_8","2014-11-29",44,25,50.64,50.64,2014,"11-29"
NA,"LANDSAT_8","2014-11-29",44,26,37.88,37.88,2014,"11-29"
NA,"LANDSAT_7","2014-11-30",43,26,54,54,2014,"11-30"
NA,"LANDSAT_7","2014-12-07",44,26,85,85,2014,"12-07"
NA,"LANDSAT_8","2014-12-08",43,26,76.98,76.98,2014,"12-08"
NA,"LANDSAT_8","2014-12-15",44,25,15.39,15.39,2014,"12-15"
NA,"LANDSAT_8","2014-12-15",44,26,15.4,15.4,2014,"12-15"
NA,"LANDSAT_7","2014-12-23",44,26,100,100,2014,"12-23"
NA,"LANDSAT_8","2014-12-24",43,26,100,100,2014,"12-24"
NA,"LANDSAT_8","2014-12-31",44,25,9.79,9.79,2014,"12-31"
NA,"LANDSAT_8","2014-12-31",44,26,7.7,7.7,2014,"12-31"
NA,"LANDSAT_7","2015-01-01",43,26,38,38,2015,"01-01"
NA,"LANDSAT_7","2015-01-08",44,26,66,66,2015,"01-08"
NA,"LANDSAT_8","2015-01-09",43,26,75.03,75.03,2015,"01-09"
NA,"LANDSAT_8","2015-01-16",44,26,77.82,77.82,2015,"01-16"
NA,"LANDSAT_7","2015-01-17",43,26,95,95,2015,"01-17"
NA,"LANDSAT_8","2015-02-17",44,25,1.72,1.72,2015,"02-17"
NA,"LANDSAT_8","2015-02-17",44,26,0.7,0.7,2015,"02-17"
NA,"LANDSAT_7","2015-02-18",43,26,83,83,2015,"02-18"
NA,"LANDSAT_7","2015-02-25",44,26,0,0,2015,"02-25"
NA,"LANDSAT_8","2015-02-26",43,26,71.35,71.35,2015,"02-26"
NA,"LANDSAT_8","2015-03-05",44,25,79.53,79.53,2015,"03-05"
NA,"LANDSAT_8","2015-03-05",44,26,35.94,35.94,2015,"03-05"
NA,"LANDSAT_7","2015-03-06",43,26,6,6,2015,"03-06"
NA,"LANDSAT_7","2015-03-13",44,26,83,83,2015,"03-13"
NA,"LANDSAT_8","2015-03-21",44,26,62.19,62.19,2015,"03-21"
NA,"LANDSAT_7","2015-03-22",43,26,55,55,2015,"03-22"
NA,"LANDSAT_7","2015-03-29",44,26,92,92,2015,"03-29"
NA,"LANDSAT_8","2015-03-30",43,26,40.42,40.42,2015,"03-30"
NA,"LANDSAT_8","2015-04-06",44,25,50.87,50.87,2015,"04-06"
NA,"LANDSAT_8","2015-04-06",44,26,89.28,89.28,2015,"04-06"
NA,"LANDSAT_7","2015-04-07",43,26,69,69,2015,"04-07"
NA,"LANDSAT_7","2015-04-14",44,26,91,91,2015,"04-14"
NA,"LANDSAT_8","2015-04-15",43,26,3.93,3.93,2015,"04-15"
NA,"LANDSAT_8","2015-04-22",44,25,82.72,82.72,2015,"04-22"
NA,"LANDSAT_8","2015-04-22",44,26,39.57,39.57,2015,"04-22"
NA,"LANDSAT_7","2015-04-23",43,26,100,100,2015,"04-23"
NA,"LANDSAT_7","2015-04-30",44,26,38,38,2015,"04-30"
NA,"LANDSAT_8","2015-05-01",43,26,35.84,35.84,2015,"05-01"
NA,"LANDSAT_8","2015-05-08",44,25,1.83,1.83,2015,"05-08"
NA,"LANDSAT_8","2015-05-08",44,26,2.13,2.13,2015,"05-08"
NA,"LANDSAT_7","2015-05-09",43,26,1,1,2015,"05-09"
NA,"LANDSAT_7","2015-05-16",44,26,45,45,2015,"05-16"
NA,"LANDSAT_8","2015-05-17",43,26,68.36,68.36,2015,"05-17"
NA,"LANDSAT_8","2015-05-24",44,25,69.34,69.34,2015,"05-24"
NA,"LANDSAT_8","2015-05-24",44,26,45.83,45.83,2015,"05-24"
NA,"LANDSAT_7","2015-05-25",43,26,90,90,2015,"05-25"
NA,"LANDSAT_7","2015-06-01",44,26,93,93,2015,"06-01"
NA,"LANDSAT_8","2015-06-09",44,25,14.72,14.72,2015,"06-09"
NA,"LANDSAT_8","2015-06-09",44,26,0.63,0.63,2015,"06-09"
NA,"LANDSAT_7","2015-06-10",43,26,9,9,2015,"06-10"
NA,"LANDSAT_7","2015-06-17",44,26,11,11,2015,"06-17"
NA,"LANDSAT_8","2015-06-18",43,26,71.28,71.28,2015,"06-18"
NA,"LANDSAT_8","2015-06-25",44,25,15.48,15.48,2015,"06-25"
NA,"LANDSAT_8","2015-06-25",44,26,2.05,2.05,2015,"06-25"
NA,"LANDSAT_7","2015-06-26",43,26,1,1,2015,"06-26"
NA,"LANDSAT_7","2015-07-03",44,26,0,0,2015,"07-03"
NA,"LANDSAT_8","2015-07-04",43,26,1.82,1.82,2015,"07-04"
NA,"LANDSAT_8","2015-07-11",44,25,84.68,84.68,2015,"07-11"
NA,"LANDSAT_8","2015-07-11",44,26,95.54,95.54,2015,"07-11"
NA,"LANDSAT_7","2015-07-12",43,26,36,36,2015,"07-12"
NA,"LANDSAT_7","2015-07-19",44,26,23,23,2015,"07-19"
NA,"LANDSAT_8","2015-07-20",43,26,43.93,43.93,2015,"07-20"
NA,"LANDSAT_8","2015-07-27",44,25,74.74,74.74,2015,"07-27"
NA,"LANDSAT_8","2015-07-27",44,26,58.87,58.87,2015,"07-27"
NA,"LANDSAT_7","2015-07-28",43,26,40,40,2015,"07-28"
NA,"LANDSAT_7","2015-08-04",44,26,69,69,2015,"08-04"
NA,"LANDSAT_8","2015-08-05",43,26,19.08,19.08,2015,"08-05"
NA,"LANDSAT_8","2015-08-12",44,25,1.75,1.75,2015,"08-12"
NA,"LANDSAT_8","2015-08-12",44,26,8.37,8.37,2015,"08-12"
NA,"LANDSAT_7","2015-08-13",43,26,3,3,2015,"08-13"
NA,"LANDSAT_7","2015-08-20",44,26,3,3,2015,"08-20"
NA,"LANDSAT_8","2015-08-21",43,26,74.55,74.55,2015,"08-21"
NA,"LANDSAT_8","2015-08-28",44,26,100,100,2015,"08-28"
NA,"LANDSAT_7","2015-08-29",43,26,99,99,2015,"08-29"
NA,"LANDSAT_7","2015-09-05",44,26,99,99,2015,"09-05"
NA,"LANDSAT_8","2015-09-06",43,26,81.42,81.42,2015,"09-06"
NA,"LANDSAT_8","2015-09-13",44,25,59.85,59.85,2015,"09-13"
NA,"LANDSAT_8","2015-09-13",44,26,82.6,82.6,2015,"09-13"
NA,"LANDSAT_7","2015-09-14",43,26,100,100,2015,"09-14"
NA,"LANDSAT_7","2015-09-21",44,26,8,8,2015,"09-21"
NA,"LANDSAT_8","2015-09-22",43,26,5.2,5.2,2015,"09-22"
NA,"LANDSAT_8","2015-09-29",44,25,3.93,3.93,2015,"09-29"
NA,"LANDSAT_8","2015-09-29",44,26,0.01,0.01,2015,"09-29"
NA,"LANDSAT_8","2015-10-08",43,26,91.79,91.79,2015,"10-08"
NA,"LANDSAT_8","2015-10-15",44,25,3.7,3.7,2015,"10-15"
NA,"LANDSAT_8","2015-10-15",44,26,0.05,0.05,2015,"10-15"
NA,"LANDSAT_7","2015-10-16",43,26,23,23,2015,"10-16"
NA,"LANDSAT_7","2015-10-23",44,26,37,37,2015,"10-23"
NA,"LANDSAT_8","2015-10-24",43,26,61.96,61.96,2015,"10-24"
NA,"LANDSAT_7","2015-11-01",43,26,87,87,2015,"11-01"
NA,"LANDSAT_8","2015-11-09",43,26,99.61,99.61,2015,"11-09"
NA,"LANDSAT_8","2015-11-16",44,25,21.07,21.07,2015,"11-16"
NA,"LANDSAT_8","2015-11-16",44,26,38.71,38.71,2015,"11-16"
NA,"LANDSAT_7","2015-11-24",44,26,88,88,2015,"11-24"
NA,"LANDSAT_8","2015-11-25",43,26,1.04,1.04,2015,"11-25"
NA,"LANDSAT_8","2015-12-02",44,25,80.77,80.77,2015,"12-02"
NA,"LANDSAT_7","2015-12-19",43,26,78,78,2015,"12-19"
NA,"LANDSAT_7","2015-12-26",44,26,91,91,2015,"12-26"
NA,"LANDSAT_8","2015-12-27",43,26,78.05,78.05,2015,"12-27"
NA,"LANDSAT_8","2016-01-03",44,25,15.97,15.97,2016,"01-03"
NA,"LANDSAT_8","2016-01-03",44,26,58.07,58.07,2016,"01-03"
NA,"LANDSAT_7","2016-01-04",43,26,79,79,2016,"01-04"
NA,"LANDSAT_8","2016-01-19",44,25,79.64,79.64,2016,"01-19"
NA,"LANDSAT_8","2016-02-04",44,26,77.71,77.71,2016,"02-04"
NA,"LANDSAT_8","2016-02-13",43,26,75.6,75.6,2016,"02-13"
NA,"LANDSAT_8","2016-02-20",44,25,69.29,69.29,2016,"02-20"
NA,"LANDSAT_8","2016-02-20",44,26,34.39,34.39,2016,"02-20"
NA,"LANDSAT_7","2016-02-21",43,26,26,26,2016,"02-21"
NA,"LANDSAT_8","2016-02-29",43,26,68.42,68.42,2016,"02-29"
NA,"LANDSAT_8","2016-03-07",44,25,93.93,93.93,2016,"03-07"
NA,"LANDSAT_7","2016-03-08",43,26,88,88,2016,"03-08"
NA,"LANDSAT_7","2016-03-15",44,26,56,56,2016,"03-15"
NA,"LANDSAT_8","2016-03-16",43,26,47.01,47.01,2016,"03-16"
NA,"LANDSAT_8","2016-03-23",44,25,93.93,93.93,2016,"03-23"
NA,"LANDSAT_8","2016-03-23",44,26,74.56,74.56,2016,"03-23"
NA,"LANDSAT_7","2016-03-31",44,26,10,10,2016,"03-31"
NA,"LANDSAT_8","2016-04-01",43,26,0.18,0.18,2016,"04-01"
NA,"LANDSAT_8","2016-04-08",44,25,14.8,14.8,2016,"04-08"
NA,"LANDSAT_8","2016-04-08",44,26,2.27,2.27,2016,"04-08"
NA,"LANDSAT_7","2016-04-09",43,26,0,0,2016,"04-09"
NA,"LANDSAT_7","2016-04-16",44,26,37,37,2016,"04-16"
NA,"LANDSAT_8","2016-04-17",43,26,0.41,0.41,2016,"04-17"
NA,"LANDSAT_8","2016-04-24",44,26,96.92,96.92,2016,"04-24"
NA,"LANDSAT_7","2016-04-25",43,26,82,82,2016,"04-25"
NA,"LANDSAT_7","2016-05-02",44,26,1,1,2016,"05-02"
NA,"LANDSAT_8","2016-05-03",43,26,1.75,1.75,2016,"05-03"
NA,"LANDSAT_8","2016-05-10",44,25,16.75,16.75,2016,"05-10"
NA,"LANDSAT_8","2016-05-10",44,26,28.89,28.89,2016,"05-10"
NA,"LANDSAT_7","2016-05-11",43,26,81,81,2016,"05-11"
NA,"LANDSAT_7","2016-05-18",44,26,35,35,2016,"05-18"
NA,"LANDSAT_8","2016-05-19",43,26,85.77,85.77,2016,"05-19"
NA,"LANDSAT_8","2016-05-26",44,25,77.92,77.92,2016,"05-26"
NA,"LANDSAT_8","2016-05-26",44,26,90.06,90.06,2016,"05-26"
NA,"LANDSAT_7","2016-05-27",43,26,79,79,2016,"05-27"
NA,"LANDSAT_8","2016-06-04",43,26,2,2,2016,"06-04"
NA,"LANDSAT_8","2016-06-11",44,25,87.68,87.68,2016,"06-11"
NA,"LANDSAT_8","2016-06-11",44,26,80.27,80.27,2016,"06-11"
NA,"LANDSAT_7","2016-06-19",44,26,67,67,2016,"06-19"
NA,"LANDSAT_8","2016-06-20",43,26,11.56,11.56,2016,"06-20"
NA,"LANDSAT_8","2016-06-27",44,25,17.4,17.4,2016,"06-27"
NA,"LANDSAT_8","2016-06-27",44,26,9.74,9.74,2016,"06-27"
NA,"LANDSAT_7","2016-06-28",43,26,8,8,2016,"06-28"
NA,"LANDSAT_7","2016-07-05",44,26,90,90,2016,"07-05"
NA,"LANDSAT_8","2016-07-06",43,26,72.15,72.15,2016,"07-06"
NA,"LANDSAT_8","2016-07-13",44,25,88.11,88.11,2016,"07-13"
NA,"LANDSAT_8","2016-07-13",44,26,38.72,38.72,2016,"07-13"
NA,"LANDSAT_7","2016-07-14",43,26,15,15,2016,"07-14"
NA,"LANDSAT_7","2016-07-21",44,26,1,1,2016,"07-21"
NA,"LANDSAT_8","2016-07-29",44,25,11.3,11.3,2016,"07-29"
NA,"LANDSAT_8","2016-07-29",44,26,10.57,10.57,2016,"07-29"
NA,"LANDSAT_7","2016-07-30",43,26,3,3,2016,"07-30"
NA,"LANDSAT_7","2016-08-06",44,26,49,49,2016,"08-06"
NA,"LANDSAT_8","2016-08-07",43,26,66.04,66.04,2016,"08-07"
NA,"LANDSAT_8","2016-08-14",44,25,18.62,18.62,2016,"08-14"
NA,"LANDSAT_8","2016-08-14",44,26,7.65,7.65,2016,"08-14"
NA,"LANDSAT_7","2016-08-15",43,26,2,2,2016,"08-15"
NA,"LANDSAT_7","2016-08-22",44,26,49,49,2016,"08-22"
NA,"LANDSAT_8","2016-08-23",43,26,24.9,24.9,2016,"08-23"
NA,"LANDSAT_8","2016-08-30",44,25,21.3,21.3,2016,"08-30"
NA,"LANDSAT_8","2016-08-30",44,26,67.46,67.46,2016,"08-30"
NA,"LANDSAT_7","2016-08-31",43,26,75,75,2016,"08-31"
NA,"LANDSAT_7","2016-09-07",44,26,66,66,2016,"09-07"
NA,"LANDSAT_8","2016-09-08",43,26,59.92,59.92,2016,"09-08"
NA,"LANDSAT_8","2016-09-15",44,25,2.99,2.99,2016,"09-15"
NA,"LANDSAT_8","2016-09-15",44,26,0.29,0.29,2016,"09-15"
NA,"LANDSAT_7","2016-09-16",43,26,15,15,2016,"09-16"
NA,"LANDSAT_7","2016-09-23",44,26,90,90,2016,"09-23"
NA,"LANDSAT_8","2016-09-24",43,26,25.44,25.44,2016,"09-24"
NA,"LANDSAT_8","2016-10-01",44,25,79.63,79.63,2016,"10-01"
NA,"LANDSAT_8","2016-10-01",44,26,55.11,55.11,2016,"10-01"
NA,"LANDSAT_7","2016-10-02",43,26,6,6,2016,"10-02"
NA,"LANDSAT_7","2016-10-09",44,26,59,59,2016,"10-09"
NA,"LANDSAT_8","2016-10-10",43,26,86.8,86.8,2016,"10-10"
NA,"LANDSAT_7","2016-10-25",44,26,63,63,2016,"10-25"
NA,"LANDSAT_7","2016-11-03",43,26,16,16,2016,"11-03"
NA,"LANDSAT_7","2016-11-10",44,26,41,41,2016,"11-10"
NA,"LANDSAT_8","2016-11-11",43,26,51.72,51.72,2016,"11-11"
NA,"LANDSAT_8","2016-11-18",44,25,69.27,69.27,2016,"11-18"
NA,"LANDSAT_8","2016-11-18",44,26,100,100,2016,"11-18"
NA,"LANDSAT_7","2016-11-26",44,26,90,90,2016,"11-26"
NA,"LANDSAT_8","2016-11-27",43,26,78.62,78.62,2016,"11-27"
NA,"LANDSAT_8","2016-12-04",44,26,77.52,77.52,2016,"12-04"
NA,"LANDSAT_7","2016-12-05",43,26,14,14,2016,"12-05"
NA,"LANDSAT_7","2016-12-12",44,26,26,26,2016,"12-12"
NA,"LANDSAT_8","2016-12-13",43,26,19.52,19.52,2016,"12-13"
NA,"LANDSAT_8","2016-12-20",44,25,90.4,90.4,2016,"12-20"
NA,"LANDSAT_8","2016-12-20",44,26,60.47,60.47,2016,"12-20"
NA,"LANDSAT_7","2016-12-21",43,26,92,92,2016,"12-21"
NA,"LANDSAT_7","2016-12-28",44,26,61,61,2016,"12-28"
NA,"LANDSAT_8","2017-01-05",44,25,12.15,12.15,2017,"01-05"
NA,"LANDSAT_8","2017-01-05",44,26,7.99,7.99,2017,"01-05"
NA,"LANDSAT_7","2017-01-06",43,26,92,92,2017,"01-06"
NA,"LANDSAT_7","2017-01-13",44,26,6,6,2017,"01-13"
NA,"LANDSAT_8","2017-01-14",43,26,53.91,53.91,2017,"01-14"
NA,"LANDSAT_8","2017-01-21",44,25,72.05,72.05,2017,"01-21"
NA,"LANDSAT_7","2017-01-22",43,26,64,64,2017,"01-22"
NA,"LANDSAT_7","2017-01-29",44,26,77,77,2017,"01-29"
NA,"LANDSAT_8","2017-02-06",44,25,91.3,91.3,2017,"02-06"
NA,"LANDSAT_8","2017-02-06",44,26,54.49,54.49,2017,"02-06"
NA,"LANDSAT_7","2017-02-14",44,26,29,29,2017,"02-14"
NA,"LANDSAT_8","2017-02-22",44,25,63.42,63.42,2017,"02-22"
NA,"LANDSAT_8","2017-02-22",44,26,31.36,31.36,2017,"02-22"
NA,"LANDSAT_7","2017-02-23",43,26,23,23,2017,"02-23"
NA,"LANDSAT_8","2017-03-10",44,26,65.59,65.59,2017,"03-10"
NA,"LANDSAT_8","2017-03-19",43,26,17.61,17.61,2017,"03-19"
NA,"LANDSAT_8","2017-03-26",44,25,82.66,82.66,2017,"03-26"
NA,"LANDSAT_7","2017-04-03",44,26,20,20,2017,"04-03"
NA,"LANDSAT_8","2017-04-04",43,26,42.22,42.22,2017,"04-04"
NA,"LANDSAT_8","2017-04-11",44,25,54.58,54.58,2017,"04-11"
NA,"LANDSAT_8","2017-04-11",44,26,30.51,30.51,2017,"04-11"
NA,"LANDSAT_7","2017-04-19",44,26,79,79,2017,"04-19"
NA,"LANDSAT_8","2017-04-27",44,25,89.81,89.81,2017,"04-27"
NA,"LANDSAT_7","2017-04-28",43,26,76,76,2017,"04-28"
NA,"LANDSAT_8","2017-05-13",44,25,55.19,55.19,2017,"05-13"
NA,"LANDSAT_8","2017-05-13",44,26,67.61,67.61,2017,"05-13"
NA,"LANDSAT_7","2017-05-14",43,26,81,81,2017,"05-14"
NA,"LANDSAT_7","2017-05-21",44,26,5,5,2017,"05-21"
NA,"LANDSAT_8","2017-05-22",43,26,1.39,1.39,2017,"05-22"
NA,"LANDSAT_8","2017-05-29",44,25,9.35,9.35,2017,"05-29"
NA,"LANDSAT_8","2017-05-29",44,26,6.08,6.08,2017,"05-29"
NA,"LANDSAT_7","2017-05-30",43,26,7,7,2017,"05-30"
NA,"LANDSAT_7","2017-06-06",44,26,44,44,2017,"06-06"
NA,"LANDSAT_8","2017-06-07",43,26,43.46,43.46,2017,"06-07"
NA,"LANDSAT_8","2017-06-14",44,25,69.15,69.15,2017,"06-14"
NA,"LANDSAT_8","2017-06-14",44,26,49.25,49.25,2017,"06-14"
NA,"LANDSAT_7","2017-06-22",44,26,11,11,2017,"06-22"
NA,"LANDSAT_8","2017-06-23",43,26,9.57,9.57,2017,"06-23"
NA,"LANDSAT_8","2017-06-30",44,25,21.77,21.77,2017,"06-30"
NA,"LANDSAT_8","2017-06-30",44,26,10.16,10.16,2017,"06-30"
NA,"LANDSAT_7","2017-07-01",43,26,57,57,2017,"07-01"
NA,"LANDSAT_7","2017-07-08",44,26,1,1,2017,"07-08"
NA,"LANDSAT_8","2017-07-09",43,26,3.3,3.3,2017,"07-09"
NA,"LANDSAT_8","2017-07-16",44,25,49.07,49.07,2017,"07-16"
NA,"LANDSAT_8","2017-07-16",44,26,7.2,7.2,2017,"07-16"
NA,"LANDSAT_7","2017-07-17",43,26,10,10,2017,"07-17"
NA,"LANDSAT_7","2017-07-24",44,26,0,0,2017,"07-24"
NA,"LANDSAT_8","2017-07-25",43,26,0.16,0.16,2017,"07-25"
NA,"LANDSAT_8","2017-08-01",44,25,11.69,11.69,2017,"08-01"
NA,"LANDSAT_8","2017-08-01",44,26,0.42,0.42,2017,"08-01"
NA,"LANDSAT_7","2017-08-02",43,26,1,1,2017,"08-02"
NA,"LANDSAT_7","2017-08-09",44,26,5,5,2017,"08-09"
NA,"LANDSAT_8","2017-08-10",43,26,0.12,0.12,2017,"08-10"
NA,"LANDSAT_8","2017-08-17",44,25,18.08,18.08,2017,"08-17"
NA,"LANDSAT_8","2017-08-17",44,26,3.15,3.15,2017,"08-17"
NA,"LANDSAT_7","2017-08-18",43,26,5,5,2017,"08-18"
NA,"LANDSAT_7","2017-08-25",44,26,70,70,2017,"08-25"
NA,"LANDSAT_8","2017-08-26",43,26,0.07,0.07,2017,"08-26"
NA,"LANDSAT_8","2017-09-02",44,25,6.02,6.02,2017,"09-02"
NA,"LANDSAT_8","2017-09-02",44,26,1.14,1.14,2017,"09-02"
NA,"LANDSAT_7","2017-09-03",43,26,0,0,2017,"09-03"
NA,"LANDSAT_7","2017-09-10",44,26,37,37,2017,"09-10"
NA,"LANDSAT_8","2017-09-11",43,26,0.26,0.26,2017,"09-11"
NA,"LANDSAT_8","2017-09-18",44,25,65.81,65.81,2017,"09-18"
NA,"LANDSAT_8","2017-09-18",44,26,37.05,37.05,2017,"09-18"
NA,"LANDSAT_7","2017-09-19",43,26,96,96,2017,"09-19"
NA,"LANDSAT_7","2017-09-26",44,26,40,40,2017,"09-26"
NA,"LANDSAT_8","2017-09-27",43,26,6.73,6.73,2017,"09-27"
NA,"LANDSAT_8","2017-10-04",44,25,28.61,28.61,2017,"10-04"
NA,"LANDSAT_8","2017-10-04",44,26,13.89,13.89,2017,"10-04"
NA,"LANDSAT_7","2017-10-05",43,26,5,5,2017,"10-05"
NA,"LANDSAT_7","2017-10-12",44,26,86,86,2017,"10-12"
NA,"LANDSAT_8","2017-10-13",43,26,88.19,88.19,2017,"10-13"
NA,"LANDSAT_8","2017-10-20",44,26,65.76,65.76,2017,"10-20"
NA,"LANDSAT_7","2017-10-21",43,26,99,99,2017,"10-21"
NA,"LANDSAT_7","2017-10-28",44,26,6,6,2017,"10-28"
NA,"LANDSAT_8","2017-10-29",43,26,80.28,80.28,2017,"10-29"
NA,"LANDSAT_8","2017-11-05",44,25,38.41,38.41,2017,"11-05"
NA,"LANDSAT_7","2017-11-06",43,26,16,16,2017,"11-06"
NA,"LANDSAT_8","2017-11-14",43,26,84.62,84.62,2017,"11-14"
NA,"LANDSAT_8","2017-11-21",44,25,100,100,2017,"11-21"
NA,"LANDSAT_8","2017-11-21",44,26,100,100,2017,"11-21"
NA,"LANDSAT_7","2017-11-29",44,26,72,72,2017,"11-29"
NA,"LANDSAT_8","2017-12-07",44,25,35.32,35.32,2017,"12-07"
NA,"LANDSAT_8","2017-12-07",44,26,73.6,73.6,2017,"12-07"
NA,"LANDSAT_7","2017-12-08",43,26,58,58,2017,"12-08"
NA,"LANDSAT_8","2017-12-16",43,26,32.91,32.91,2017,"12-16"
NA,"LANDSAT_8","2017-12-23",44,25,18,18,2017,"12-23"
NA,"LANDSAT_8","2017-12-23",44,26,7.18,7.18,2017,"12-23"
NA,"LANDSAT_7","2017-12-24",43,26,36,36,2017,"12-24"
NA,"LANDSAT_7","2017-12-31",44,26,9,9,2017,"12-31"
NA,"LANDSAT_8","2018-01-01",43,26,15.3,15.3,2018,"01-01"
NA,"LANDSAT_8","2018-01-17",43,26,95.69,95.69,2018,"01-17"
NA,"LANDSAT_7","2018-01-25",43,26,52,52,2018,"01-25"
NA,"LANDSAT_8","2018-02-09",44,25,85.49,85.49,2018,"02-09"
NA,"LANDSAT_8","2018-02-09",44,26,52.55,52.55,2018,"02-09"
NA,"LANDSAT_7","2018-02-10",43,26,25,25,2018,"02-10"
NA,"LANDSAT_7","2018-02-26",43,26,37,37,2018,"02-26"
NA,"LANDSAT_7","2018-03-05",44,26,85,85,2018,"03-05"
NA,"LANDSAT_8","2018-03-13",44,25,18.53,18.53,2018,"03-13"
NA,"LANDSAT_8","2018-03-13",44,26,39.39,39.39,2018,"03-13"
NA,"LANDSAT_7","2018-03-21",44,26,53,53,2018,"03-21"
NA,"LANDSAT_8","2018-03-29",44,25,65.37,65.37,2018,"03-29"
NA,"LANDSAT_8","2018-03-29",44,26,18.85,18.85,2018,"03-29"
NA,"LANDSAT_7","2018-03-30",43,26,64,64,2018,"03-30"
NA,"LANDSAT_8","2018-04-14",44,25,100,100,2018,"04-14"
NA,"LANDSAT_8","2018-04-14",44,26,99.98,99.98,2018,"04-14"
NA,"LANDSAT_7","2018-04-22",44,26,63,63,2018,"04-22"
NA,"LANDSAT_8","2018-04-23",43,26,0.68,0.68,2018,"04-23"
NA,"LANDSAT_8","2018-04-30",44,25,88.38,88.38,2018,"04-30"
NA,"LANDSAT_8","2018-04-30",44,26,79.08,79.08,2018,"04-30"
NA,"LANDSAT_7","2018-05-01",43,26,73,73,2018,"05-01"
NA,"LANDSAT_7","2018-05-08",44,26,22,22,2018,"05-08"
NA,"LANDSAT_8","2018-05-16",44,25,44.16,44.16,2018,"05-16"
NA,"LANDSAT_8","2018-05-16",44,26,11.66,11.66,2018,"05-16"
NA,"LANDSAT_7","2018-05-24",44,26,30,30,2018,"05-24"
NA,"LANDSAT_8","2018-05-25",43,26,23.98,23.98,2018,"05-25"
NA,"LANDSAT_8","2018-06-01",44,26,80.57,80.57,2018,"06-01"
NA,"LANDSAT_7","2018-06-02",43,26,33,33,2018,"06-02"
NA,"LANDSAT_8","2018-06-10",43,26,86.72,86.72,2018,"06-10"
NA,"LANDSAT_8","2018-06-17",44,25,20.73,20.73,2018,"06-17"
NA,"LANDSAT_8","2018-06-17",44,26,24.12,24.12,2018,"06-17"
NA,"LANDSAT_7","2018-06-18",43,26,82,82,2018,"06-18"
NA,"LANDSAT_7","2018-06-25",44,26,37,37,2018,"06-25"
NA,"LANDSAT_8","2018-06-26",43,26,43.02,43.02,2018,"06-26"
NA,"LANDSAT_8","2018-07-03",44,26,95.92,95.92,2018,"07-03"
NA,"LANDSAT_7","2018-07-04",43,26,52,52,2018,"07-04"
NA,"LANDSAT_7","2018-07-11",44,26,26,26,2018,"07-11"
NA,"LANDSAT_8","2018-07-12",43,26,0.82,0.82,2018,"07-12"
NA,"LANDSAT_8","2018-07-19",44,25,28.72,28.72,2018,"07-19"
NA,"LANDSAT_8","2018-07-19",44,26,0.23,0.23,2018,"07-19"
NA,"LANDSAT_7","2018-07-20",43,26,1,1,2018,"07-20"
NA,"LANDSAT_7","2018-07-27",44,26,27,27,2018,"07-27"
NA,"LANDSAT_8","2018-07-28",43,26,11.08,11.08,2018,"07-28"
NA,"LANDSAT_8","2018-08-04",44,25,63.05,63.05,2018,"08-04"
NA,"LANDSAT_8","2018-08-04",44,26,44.24,44.24,2018,"08-04"
NA,"LANDSAT_7","2018-08-05",43,26,27,27,2018,"08-05"
NA,"LANDSAT_7","2018-08-12",44,26,66,66,2018,"08-12"
NA,"LANDSAT_8","2018-08-13",43,26,2.07,2.07,2018,"08-13"
NA,"LANDSAT_8","2018-08-20",44,25,16.09,16.09,2018,"08-20"
NA,"LANDSAT_8","2018-08-20",44,26,0.48,0.48,2018,"08-20"
NA,"LANDSAT_7","2018-08-21",43,26,0,0,2018,"08-21"
NA,"LANDSAT_7","2018-08-28",44,26,80,80,2018,"08-28"
NA,"LANDSAT_8","2018-08-29",43,26,50.03,50.03,2018,"08-29"
NA,"LANDSAT_8","2018-09-05",44,25,1.25,1.25,2018,"09-05"
NA,"LANDSAT_8","2018-09-05",44,26,0.78,0.78,2018,"09-05"
NA,"LANDSAT_7","2018-09-06",43,26,0,0,2018,"09-06"
NA,"LANDSAT_7","2018-09-13",44,26,61,61,2018,"09-13"
NA,"LANDSAT_8","2018-09-14",43,26,50.05,50.05,2018,"09-14"
NA,"LANDSAT_8","2018-09-21",44,26,96.5,96.5,2018,"09-21"
NA,"LANDSAT_7","2018-09-22",43,26,74,74,2018,"09-22"
NA,"LANDSAT_8","2018-09-30",43,26,92.25,92.25,2018,"09-30"
NA,"LANDSAT_8","2018-10-07",44,25,41.32,41.32,2018,"10-07"
NA,"LANDSAT_8","2018-10-07",44,26,94.26,94.26,2018,"10-07"
NA,"LANDSAT_7","2018-10-08",43,26,96,96,2018,"10-08"
NA,"LANDSAT_7","2018-10-15",44,26,0,0,2018,"10-15"
NA,"LANDSAT_8","2018-10-16",43,26,0.36,0.36,2018,"10-16"
NA,"LANDSAT_8","2018-10-23",44,25,7.44,7.44,2018,"10-23"
NA,"LANDSAT_8","2018-10-23",44,26,12.65,12.65,2018,"10-23"
NA,"LANDSAT_7","2018-10-24",43,26,59,59,2018,"10-24"
NA,"LANDSAT_8","2018-11-01",43,26,100,100,2018,"11-01"
NA,"LANDSAT_8","2018-11-08",44,25,13.28,13.28,2018,"11-08"
NA,"LANDSAT_8","2018-11-08",44,26,2.69,2.69,2018,"11-08"
NA,"LANDSAT_7","2018-11-16",44,26,28,28,2018,"11-16"
NA,"LANDSAT_8","2018-11-17",43,26,26.44,26.44,2018,"11-17"
NA,"LANDSAT_8","2018-11-24",44,25,62.06,62.06,2018,"11-24"
NA,"LANDSAT_8","2018-11-24",44,26,20.98,20.98,2018,"11-24"
NA,"LANDSAT_7","2018-11-25",43,26,84,84,2018,"11-25"
NA,"LANDSAT_7","2018-12-02",44,26,63,63,2018,"12-02"
NA,"LANDSAT_8","2018-12-03",43,26,85.89,85.89,2018,"12-03"
NA,"LANDSAT_8","2018-12-19",43,26,83.59,83.59,2018,"12-19"
NA,"LANDSAT_8","2018-12-26",44,25,99.93,99.93,2018,"12-26"
NA,"LANDSAT_7","2018-12-27",43,26,25,25,2018,"12-27"
NA,"LANDSAT_8","2019-01-04",43,26,87.15,87.15,2019,"01-04"
NA,"LANDSAT_8","2019-01-11",44,25,84.44,84.44,2019,"01-11"
NA,"LANDSAT_8","2019-01-11",44,26,88.98,88.98,2019,"01-11"
NA,"LANDSAT_7","2019-01-12",43,26,47,47,2019,"01-12"
NA,"LANDSAT_7","2019-01-19",44,26,83,83,2019,"01-19"
NA,"LANDSAT_8","2019-01-20",43,26,100,100,2019,"01-20"
NA,"LANDSAT_8","2019-01-27",44,25,46.41,46.41,2019,"01-27"
NA,"LANDSAT_8","2019-01-27",44,26,22.21,22.21,2019,"01-27"
NA,"LANDSAT_7","2019-01-28",43,26,22,22,2019,"01-28"
NA,"LANDSAT_7","2019-02-04",44,26,25,25,2019,"02-04"
NA,"LANDSAT_8","2019-02-05",43,26,43.11,43.11,2019,"02-05"
NA,"LANDSAT_7","2019-02-13",43,26,43,43,2019,"02-13"
NA,"LANDSAT_7","2019-02-20",44,26,39,39,2019,"02-20"
NA,"LANDSAT_8","2019-02-21",43,26,11.17,11.17,2019,"02-21"
NA,"LANDSAT_7","2019-03-01",43,26,88,88,2019,"03-01"
NA,"LANDSAT_7","2019-03-08",44,26,68,68,2019,"03-08"
NA,"LANDSAT_8","2019-03-09",43,26,70.9,70.9,2019,"03-09"
NA,"LANDSAT_8","2019-03-16",44,25,88.38,88.38,2019,"03-16"
NA,"LANDSAT_8","2019-03-16",44,26,51.15,51.15,2019,"03-16"
NA,"LANDSAT_7","2019-03-17",43,26,0,0,2019,"03-17"
NA,"LANDSAT_7","2019-03-24",44,26,92,92,2019,"03-24"
NA,"LANDSAT_8","2019-03-25",43,26,93.64,93.64,2019,"03-25"
NA,"LANDSAT_8","2019-04-01",44,25,22.06,22.06,2019,"04-01"
NA,"LANDSAT_8","2019-04-01",44,26,10.62,10.62,2019,"04-01"
NA,"LANDSAT_7","2019-04-02",43,26,11,11,2019,"04-02"
NA,"LANDSAT_7","2019-04-09",44,26,100,100,2019,"04-09"
NA,"LANDSAT_8","2019-04-10",43,26,65.49,65.49,2019,"04-10"
NA,"LANDSAT_8","2019-04-17",44,25,76.51,76.51,2019,"04-17"
NA,"LANDSAT_8","2019-04-17",44,26,40.79,40.79,2019,"04-17"
NA,"LANDSAT_7","2019-04-25",44,26,2,2,2019,"04-25"
NA,"LANDSAT_8","2019-04-26",43,26,81.65,81.65,2019,"04-26"
NA,"LANDSAT_8","2019-05-03",44,25,75.31,75.31,2019,"05-03"
NA,"LANDSAT_8","2019-05-03",44,26,25.22,25.22,2019,"05-03"
NA,"LANDSAT_7","2019-05-04",43,26,74,74,2019,"05-04"
NA,"LANDSAT_7","2019-05-11",44,26,13,13,2019,"05-11"
NA,"LANDSAT_8","2019-05-12",43,26,17.6,17.6,2019,"05-12"
NA,"LANDSAT_8","2019-05-19",44,25,78.16,78.16,2019,"05-19"
NA,"LANDSAT_8","2019-05-19",44,26,32.71,32.71,2019,"05-19"
NA,"LANDSAT_7","2019-05-20",43,26,91,91,2019,"05-20"
NA,"LANDSAT_7","2019-05-27",44,26,8,8,2019,"05-27"
NA,"LANDSAT_8","2019-05-28",43,26,7.18,7.18,2019,"05-28"
NA,"LANDSAT_8","2019-06-04",44,25,16.43,16.43,2019,"06-04"
NA,"LANDSAT_8","2019-06-04",44,26,4.04,4.04,2019,"06-04"
NA,"LANDSAT_7","2019-06-05",43,26,43,43,2019,"06-05"
NA,"LANDSAT_7","2019-06-12",44,26,22,22,2019,"06-12"
NA,"LANDSAT_8","2019-06-13",43,26,34.35,34.35,2019,"06-13"
NA,"LANDSAT_8","2019-06-20",44,26,97.29,97.29,2019,"06-20"
NA,"LANDSAT_7","2019-06-21",43,26,91,91,2019,"06-21"
NA,"LANDSAT_7","2019-06-28",44,26,62,62,2019,"06-28"
NA,"LANDSAT_8","2019-06-29",43,26,47.85,47.85,2019,"06-29"
NA,"LANDSAT_8","2019-07-06",44,25,93.92,93.92,2019,"07-06"
NA,"LANDSAT_8","2019-07-06",44,26,82.12,82.12,2019,"07-06"
NA,"LANDSAT_7","2019-07-07",43,26,32,32,2019,"07-07"
NA,"LANDSAT_7","2019-07-14",44,26,45,45,2019,"07-14"
NA,"LANDSAT_8","2019-07-15",43,26,96.52,96.52,2019,"07-15"
NA,"LANDSAT_8","2019-07-22",44,25,42.77,42.77,2019,"07-22"
NA,"LANDSAT_8","2019-07-22",44,26,54,54,2019,"07-22"
NA,"LANDSAT_7","2019-07-23",43,26,3,3,2019,"07-23"
NA,"LANDSAT_7","2019-07-30",44,26,2,2,2019,"07-30"
NA,"LANDSAT_8","2019-07-31",43,26,2.88,2.88,2019,"07-31"
NA,"LANDSAT_8","2019-08-07",44,25,3.21,3.21,2019,"08-07"
NA,"LANDSAT_8","2019-08-07",44,26,0.09,0.09,2019,"08-07"
NA,"LANDSAT_7","2019-08-08",43,26,0,0,2019,"08-08"
NA,"LANDSAT_7","2019-08-15",44,26,11,11,2019,"08-15"
NA,"LANDSAT_8","2019-08-16",43,26,66.18,66.18,2019,"08-16"
NA,"LANDSAT_8","2019-08-23",44,25,97.34,97.34,2019,"08-23"
NA,"LANDSAT_8","2019-08-23",44,26,86.42,86.42,2019,"08-23"
NA,"LANDSAT_7","2019-08-24",43,26,54,54,2019,"08-24"
NA,"LANDSAT_7","2019-08-31",44,26,64,64,2019,"08-31"
NA,"LANDSAT_8","2019-09-01",43,26,12.36,12.36,2019,"09-01"
NA,"LANDSAT_8","2019-09-08",44,25,100,100,2019,"09-08"
NA,"LANDSAT_8","2019-09-08",44,26,100,100,2019,"09-08"
NA,"LANDSAT_8","2019-09-24",44,25,73.53,73.53,2019,"09-24"
NA,"LANDSAT_8","2019-09-24",44,26,31.72,31.72,2019,"09-24"
NA,"LANDSAT_7","2019-09-25",43,26,8,8,2019,"09-25"
NA,"LANDSAT_7","2019-10-02",44,26,70,70,2019,"10-02"
NA,"LANDSAT_8","2019-10-10",44,25,7.86,7.86,2019,"10-10"
NA,"LANDSAT_8","2019-10-10",44,26,2.89,2.89,2019,"10-10"
NA,"LANDSAT_7","2019-10-11",43,26,4,4,2019,"10-11"
NA,"LANDSAT_7","2019-10-18",44,26,72,72,2019,"10-18"
NA,"LANDSAT_8","2019-10-19",43,26,95.41,95.41,2019,"10-19"
NA,"LANDSAT_8","2019-10-26",44,25,18.18,18.18,2019,"10-26"
NA,"LANDSAT_8","2019-10-26",44,26,73.49,73.49,2019,"10-26"
NA,"LANDSAT_7","2019-10-27",43,26,70,70,2019,"10-27"
NA,"LANDSAT_7","2019-11-03",44,26,37,37,2019,"11-03"
NA,"LANDSAT_8","2019-11-04",43,26,82.47,82.47,2019,"11-04"
NA,"LANDSAT_8","2019-11-11",44,25,100,100,2019,"11-11"
NA,"LANDSAT_8","2019-11-11",44,26,88.45,88.45,2019,"11-11"
NA,"LANDSAT_8","2019-11-20",43,26,6.67,6.67,2019,"11-20"
NA,"LANDSAT_8","2019-11-27",44,25,90.92,90.92,2019,"11-27"
NA,"LANDSAT_7","2019-11-28",43,26,7,7,2019,"11-28"
NA,"LANDSAT_7","2019-12-05",44,26,47,47,2019,"12-05"
NA,"LANDSAT_7","2019-12-14",43,26,39,39,2019,"12-14"
NA,"LANDSAT_8","2019-12-29",44,25,5.42,5.42,2019,"12-29"
NA,"LANDSAT_8","2019-12-29",44,26,24.53,24.53,2019,"12-29"
NA,"LANDSAT_7","2019-12-30",43,26,16,16,2019,"12-30"
NA,"LANDSAT_8","2020-01-14",44,25,99.93,99.93,2020,"01-14"
NA,"LANDSAT_8","2020-01-14",44,26,82.07,82.07,2020,"01-14"
NA,"LANDSAT_7","2020-01-15",43,26,74,74,2020,"01-15"
NA,"LANDSAT_7","2020-01-22",44,26,55,55,2020,"01-22"
NA,"LANDSAT_8","2020-01-30",44,25,94.88,94.88,2020,"01-30"
NA,"LANDSAT_7","2020-02-07",44,26,87,87,2020,"02-07"
NA,"LANDSAT_8","2020-02-15",44,26,92.13,92.13,2020,"02-15"
NA,"LANDSAT_7","2020-02-16",43,26,91,91,2020,"02-16"
NA,"LANDSAT_8","2020-02-24",43,26,67.22,67.22,2020,"02-24"
NA,"LANDSAT_8","2020-03-02",44,25,90.02,90.02,2020,"03-02"
NA,"LANDSAT_8","2020-03-02",44,26,44.37,44.37,2020,"03-02"
NA,"LANDSAT_7","2020-03-03",43,26,26,26,2020,"03-03"
NA,"LANDSAT_8","2020-03-11",43,26,77.94,77.94,2020,"03-11"
NA,"LANDSAT_8","2020-03-18",44,25,2.62,2.62,2020,"03-18"
NA,"LANDSAT_8","2020-03-18",44,26,0.07,0.07,2020,"03-18"
NA,"LANDSAT_7","2020-03-19",43,26,8,8,2020,"03-19"
NA,"LANDSAT_7","2020-03-26",44,26,31,31,2020,"03-26"
NA,"LANDSAT_8","2020-04-03",44,25,88.62,88.62,2020,"04-03"
NA,"LANDSAT_8","2020-04-03",44,26,74,74,2020,"04-03"
NA,"LANDSAT_7","2020-04-04",43,26,34,34,2020,"04-04"
NA,"LANDSAT_7","2020-04-11",44,26,34,34,2020,"04-11"
NA,"LANDSAT_8","2020-04-12",43,26,52.28,52.28,2020,"04-12"
NA,"LANDSAT_8","2020-04-19",44,25,40.52,40.52,2020,"04-19"
NA,"LANDSAT_8","2020-04-19",44,26,43.52,43.52,2020,"04-19"
NA,"LANDSAT_7","2020-04-20",43,26,22,22,2020,"04-20"
NA,"LANDSAT_7","2020-04-27",44,26,66,66,2020,"04-27"
NA,"LANDSAT_8","2020-04-28",43,26,6.66,6.66,2020,"04-28"
NA,"LANDSAT_8","2020-05-05",44,25,44.13,44.13,2020,"05-05"
NA,"LANDSAT_8","2020-05-05",44,26,52.13,52.13,2020,"05-05"
NA,"LANDSAT_7","2020-05-13",44,26,80,80,2020,"05-13"
NA,"LANDSAT_8","2020-05-14",43,26,52.43,52.43,2020,"05-14"
NA,"LANDSAT_8","2020-05-21",44,26,92.79,92.79,2020,"05-21"
NA,"LANDSAT_7","2020-05-29",44,26,7,7,2020,"05-29"
NA,"LANDSAT_8","2020-05-30",43,26,98.31,98.31,2020,"05-30"
NA,"LANDSAT_8","2020-06-06",44,25,74.02,74.02,2020,"06-06"
NA,"LANDSAT_8","2020-06-06",44,26,66.38,66.38,2020,"06-06"
NA,"LANDSAT_7","2020-06-07",43,26,95,95,2020,"06-07"
NA,"LANDSAT_7","2020-06-14",44,26,83,83,2020,"06-14"
NA,"LANDSAT_8","2020-06-22",44,25,41.08,41.08,2020,"06-22"
NA,"LANDSAT_8","2020-06-22",44,26,2.75,2.75,2020,"06-22"
NA,"LANDSAT_7","2020-06-23",43,26,7,7,2020,"06-23"
NA,"LANDSAT_8","2020-07-01",43,26,94.62,94.62,2020,"07-01"
NA,"LANDSAT_8","2020-07-08",44,25,93.89,93.89,2020,"07-08"
NA,"LANDSAT_8","2020-07-08",44,26,56.6,56.6,2020,"07-08"
NA,"LANDSAT_7","2020-07-09",43,26,65,65,2020,"07-09"
NA,"LANDSAT_8","2020-07-17",43,26,79.43,79.43,2020,"07-17"
NA,"LANDSAT_8","2020-07-24",44,25,75.25,75.25,2020,"07-24"
NA,"LANDSAT_8","2020-07-24",44,26,42.52,42.52,2020,"07-24"
NA,"LANDSAT_7","2020-07-25",43,26,1,1,2020,"07-25"
NA,"LANDSAT_8","2020-08-02",43,26,0.16,0.16,2020,"08-02"
NA,"LANDSAT_8","2020-08-09",44,25,21.7,21.7,2020,"08-09"
NA,"LANDSAT_8","2020-08-09",44,26,5.52,5.52,2020,"08-09"
NA,"LANDSAT_7","2020-08-10",43,26,3,3,2020,"08-10"
NA,"LANDSAT_8","2020-08-18",43,26,9.24,9.24,2020,"08-18"
NA,"LANDSAT_8","2020-08-25",44,25,12.54,12.54,2020,"08-25"
NA,"LANDSAT_8","2020-08-25",44,26,7.43,7.43,2020,"08-25"
NA,"LANDSAT_7","2020-08-26",43,26,2,2,2020,"08-26"
NA,"LANDSAT_7","2020-09-02",44,26,49,49,2020,"09-02"
NA,"LANDSAT_8","2020-09-03",43,26,14.79,14.79,2020,"09-03"
NA,"LANDSAT_8","2020-09-10",44,25,1.05,1.05,2020,"09-10"
NA,"LANDSAT_8","2020-09-10",44,26,0.04,0.04,2020,"09-10"
NA,"LANDSAT_7","2020-09-11",43,26,0,0,2020,"09-11"
NA,"LANDSAT_7","2020-09-18",44,26,62,62,2020,"09-18"
NA,"LANDSAT_8","2020-09-19",43,26,89.33,89.33,2020,"09-19"
NA,"LANDSAT_8","2020-09-26",44,25,76.78,76.78,2020,"09-26"
NA,"LANDSAT_8","2020-09-26",44,26,32.21,32.21,2020,"09-26"
NA,"LANDSAT_7","2020-09-27",43,26,13,13,2020,"09-27"
NA,"LANDSAT_8","2020-10-05",43,26,2.08,2.08,2020,"10-05"
NA,"LANDSAT_8","2020-10-12",44,25,83.18,83.18,2020,"10-12"
NA,"LANDSAT_8","2020-10-12",44,26,45.6,45.6,2020,"10-12"
NA,"LANDSAT_8","2020-10-21",43,26,76.64,76.64,2020,"10-21"
NA,"LANDSAT_8","2020-10-28",44,26,93.54,93.54,2020,"10-28"
NA,"LANDSAT_7","2020-10-29",43,26,63,63,2020,"10-29"
NA,"LANDSAT_7","2020-11-14",43,26,50,50,2020,"11-14"
NA,"LANDSAT_8","2020-11-22",43,26,20.51,20.51,2020,"11-22"
NA,"LANDSAT_8","2020-11-29",44,25,83.83,83.83,2020,"11-29"
NA,"LANDSAT_8","2020-11-29",44,26,66.98,66.98,2020,"11-29"
NA,"LANDSAT_8","2020-12-24",43,26,13.22,13.22,2020,"12-24"
NA,"LANDSAT_8","2020-12-31",44,25,26.2,26.2,2020,"12-31"
NA,"LANDSAT_8","2020-12-31",44,26,50.21,50.21,2020,"12-31"
