"network","station_id","winter_year","month","n_days","mean_temp_c","mean_daily_min_c","mean_daily_max_c","min_temp_c","total_precip_mm","warm_fail","short","station_name","elevation_m"
"BCWS","838",2003,1,1,-5.7,-5.7,-5.7,-5.7,0,FALSE,TRUE,"AKOKLI CREEK",821
"BCWS","838",2004,1,31,-2.9,-4.38,-0.64,-19.4,69.2,FALSE,FALSE,"AKOKLI CREEK",821
"BCWS","838",2004,2,29,0.06,-1.96,3.71,-7.2,19.2,FALSE,FALSE,"AKOKLI CREEK",821
"BCWS","838",2004,12,31,-2.1,-3.64,0.35,-8.7,42.6,FALSE,FALSE,"AKOKLI CREEK",821
"BCWS","838",2005,1,31,-3.38,-4.89,-0.88,-16.9,52.6,FALSE,FALSE,"AKOKLI CREEK",821
"BCWS","838",2005,2,27,-0.1,-3.05,4.64,-7.5,5.1,FALSE,FALSE,"AKOKLI CREEK",821
"BCWS","838",2005,12,31,-0.16,-1.58,1.72,-5.9,64.3,FALSE,FALSE,"AKOKLI CREEK",821
"BCWS","838",2006,1,31,1.27,-0.13,3.04,-3.2,98.5,FALSE,FALSE,"AKOKLI CREEK",821
"BCWS","838",2006,2,28,-1.86,-4.23,1.35,-16.7,39,FALSE,FALSE,"AKOKLI CREEK",821
"BCWS","838",2006,12,30,-1.13,-2.22,0.14,-11.4,61.6,FALSE,FALSE,"AKOKLI CREEK",821
"BCWS","838",2007,1,31,-3.97,-5.66,-1.64,-13.3,63,FALSE,FALSE,"AKOKLI CREEK",821
"BCWS","838",2007,2,27,-0.2,-1.76,2.45,-7.2,38.6,FALSE,FALSE,"AKOKLI CREEK",821
"BCWS","838",2007,12,31,-2.15,-3.53,-0.38,-8.1,34.2,FALSE,FALSE,"AKOKLI CREEK",821
"BCWS","838",2008,1,19,-2.33,-3.57,-0.71,-9.2,28.8,FALSE,TRUE,"AKOKLI CREEK",821
"BCWS","838",2008,2,21,-0.98,-2.99,2.2,-6.7,36,FALSE,FALSE,"AKOKLI CREEK",821
"BCWS","838",2008,12,22,-2.86,-4.09,-0.9,-6.6,21,FALSE,FALSE,"AKOKLI CREEK",821
"BCWS","838",2009,1,31,-3.16,-4.86,-0.84,-12.6,69.2,FALSE,FALSE,"AKOKLI CREEK",821
"BCWS","838",2009,2,28,-1.02,-3.31,2.46,-5.8,18.8,FALSE,FALSE,"AKOKLI CREEK",821
"BCWS","838",2009,12,31,-5.47,-7.26,-3.1,-17.1,14.6,FALSE,FALSE,"AKOKLI CREEK",821
"BCWS","838",2010,1,31,-0.68,-2.13,1.4,-10.6,54,FALSE,FALSE,"AKOKLI CREEK",821
"BCWS","838",2010,2,28,1.73,-0.18,4.64,-3.8,12.6,FALSE,FALSE,"AKOKLI CREEK",821
"BCWS","838",2010,12,31,-5.23,-7.05,-2.84,-14.2,37.8,FALSE,FALSE,"AKOKLI CREEK",821
"BCWS","838",2011,1,31,-2.37,-4.22,-0.08,-14.3,79.8,FALSE,FALSE,"AKOKLI CREEK",821
"BCWS","838",2011,2,28,-3.44,-6.18,0.21,-17.5,28.2,FALSE,FALSE,"AKOKLI CREEK",821
"BCWS","838",2011,12,31,-2.13,-3.82,0.12,-11.9,69.2,FALSE,FALSE,"AKOKLI CREEK",821
"BCWS","838",2012,1,31,-1.94,-4.09,0.78,-10.1,57,FALSE,FALSE,"AKOKLI CREEK",821
"BCWS","838",2012,2,29,-0.74,-2.85,2.84,-9.4,32.6,FALSE,FALSE,"AKOKLI CREEK",821
"BCWS","838",2012,12,31,-1.26,-2.97,1.07,-7,30.8,FALSE,FALSE,"AKOKLI CREEK",821
"BCWS","838",2013,1,31,-2.47,-3.84,-0.33,-9.7,36.6,FALSE,FALSE,"AKOKLI CREEK",821
"BCWS","838",2013,2,28,0.59,-1.28,3.4,-3.3,14,FALSE,FALSE,"AKOKLI CREEK",821
"BCWS","838",2013,12,31,-0.7,-1.92,1,-5.6,40.4,FALSE,FALSE,"AKOKLI CREEK",821
"BCWS","838",2014,1,31,-1.08,-2.45,1.04,-7.1,40.8,FALSE,FALSE,"AKOKLI CREEK",821
"BCWS","838",2014,2,28,-4.17,-7.1,-0.15,-17.6,39,FALSE,FALSE,"AKOKLI CREEK",821
"BCWS","838",2014,12,31,-3.59,-5.28,-1.56,-16.4,60.6,FALSE,FALSE,"AKOKLI CREEK",821
"BCWS","838",2015,1,31,-1.31,-2.77,0.8,-10,48,FALSE,FALSE,"AKOKLI CREEK",821
"BCWS","838",2015,2,28,2.11,-0.09,5.66,-5.1,72.2,FALSE,FALSE,"AKOKLI CREEK",821
"BCWS","838",2015,12,31,-1.22,-2.83,0.87,-12.5,42.4,FALSE,FALSE,"AKOKLI CREEK",821
"BCWS","1203",2015,1,31,-4.28,-7.11,-0.25,-17.4,72,FALSE,FALSE,"DARKWOODS",1657
"BCWS","1203",2015,2,28,-1.71,-4.52,1.76,-11.8,119.6,FALSE,FALSE,"DARKWOODS",1657
"BCWS","1203",2015,12,31,-5.27,-7.75,-2.02,-20.9,73.4,FALSE,FALSE,"DARKWOODS",1657
"BCWS","1203",2016,12,30,-6.37,-8.58,-3.53,-17.6,53.8,FALSE,FALSE,"DARKWOODS",1657
"BCWS","421",1998,1,31,-6.67,-9.53,-2.06,-20,0,FALSE,FALSE,"DEWAR CREEK",1608
"BCWS","421",1998,2,14,-4.19,-7.4,-0.11,-12.5,33.6,FALSE,TRUE,"DEWAR CREEK",1608
"BCWS","421",1999,12,18,-5.19,-7.88,-2.41,-14.6,1.2,FALSE,TRUE,"DEWAR CREEK",1608
"BCWS","421",2001,1,31,-6.76,-9.96,-1.99,-14.8,24.1,FALSE,FALSE,"DEWAR CREEK",1608
"BCWS","421",2001,2,28,-7.92,-12.18,-2.58,-19.6,30.9,FALSE,FALSE,"DEWAR CREEK",1608
"BCWS","421",2001,12,31,-8.92,-12.66,-3.82,-19.9,15.3,FALSE,FALSE,"DEWAR CREEK",1608
"BCWS","421",2002,1,31,-7.01,-9.88,-3.07,-18.6,0,FALSE,FALSE,"DEWAR CREEK",1608
"BCWS","421",2002,2,28,-6.23,-9.81,-1.05,-20,33.2,FALSE,FALSE,"DEWAR CREEK",1608
"BCWS","421",2002,12,31,-8.79,-11.83,-5.01,-19.2,0.9,FALSE,FALSE,"DEWAR CREEK",1608
"BCWS","421",2003,1,31,-5.5,-8.42,-1.66,-14.6,69.3,FALSE,FALSE,"DEWAR CREEK",1608
"BCWS","421",2003,2,28,-5.3,-8.77,-0.17,-19.2,30.5,FALSE,FALSE,"DEWAR CREEK",1608
"BCWS","421",2003,12,31,-5.85,-7.91,-3.28,-13.8,14.8,FALSE,FALSE,"DEWAR CREEK",1608
"BCWS","421",2004,2,22,-3.6,-7.34,1.89,-12.3,34.5,FALSE,FALSE,"DEWAR CREEK",1608
"BCWS","421",2005,1,31,-6.99,-9.86,-2.87,-20,94.2,FALSE,FALSE,"DEWAR CREEK",1608
"BCWS","421",2005,2,28,-3.92,-7.8,2.2,-14.4,26.4,FALSE,FALSE,"DEWAR CREEK",1608
"BCWS","421",2005,12,19,-3.41,-5.92,-0.72,-12,58.4,FALSE,TRUE,"DEWAR CREEK",1608
"BCWS","421",2007,12,2,-10.3,-13.7,-4.5,-15.2,0,FALSE,TRUE,"DEWAR CREEK",1608
"BCWS","421",2008,1,18,-6.96,-9.73,-3.03,-17.6,0,FALSE,TRUE,"DEWAR CREEK",1608
"BCWS","421",2008,2,21,-4.98,-8.57,0.77,-14.7,0,FALSE,FALSE,"DEWAR CREEK",1608
"BCWS","421",2008,12,22,-7.97,-10.35,-4.15,-14.9,4,FALSE,FALSE,"DEWAR CREEK",1608
"BCWS","421",2009,1,31,-7.44,-10.75,-2.35,-20.8,35.2,FALSE,FALSE,"DEWAR CREEK",1608
"BCWS","421",2009,2,28,-4.22,-8.25,2.18,-12.5,32,FALSE,FALSE,"DEWAR CREEK",1608
"BCWS","421",2009,12,31,-10.83,-13.71,-6.84,-27.9,14.2,FALSE,FALSE,"DEWAR CREEK",1608
"BCWS","421",2010,1,31,-4.91,-7.58,-0.76,-20,53.8,FALSE,FALSE,"DEWAR CREEK",1608
"BCWS","421",2010,2,28,-2.29,-5.42,3.54,-10.8,18.2,FALSE,FALSE,"DEWAR CREEK",1608
"BCWS","421",2010,12,31,-11.04,-14.41,-5.9,-24.5,9.2,FALSE,FALSE,"DEWAR CREEK",1608
"BCWS","421",2011,1,31,-7.01,-10.21,-2.39,-23.2,71.4,FALSE,FALSE,"DEWAR CREEK",1608
"BCWS","421",2011,2,28,-8.94,-13.34,-3.06,-28,42.2,FALSE,FALSE,"DEWAR CREEK",1608
"BCWS","421",2011,12,20,-8.08,-10.73,-4.04,-21.8,7,FALSE,FALSE,"DEWAR CREEK",1608
"BCWS","421",2012,1,31,-6.81,-10.07,-2.49,-20,17,FALSE,FALSE,"DEWAR CREEK",1608
"BCWS","421",2012,2,29,-5.4,-8.77,0.07,-14,1.6,FALSE,FALSE,"DEWAR CREEK",1608
"BCWS","421",2012,12,31,-6,-9.16,-0.71,-14,32.8,FALSE,FALSE,"DEWAR CREEK",1608
"BCWS","421",2013,1,31,-6.54,-9.66,-1.23,-18.8,0,FALSE,FALSE,"DEWAR CREEK",1608
"BCWS","421",2013,2,28,-3.05,-6.46,2.51,-11.7,1,FALSE,FALSE,"DEWAR CREEK",1608
"BCWS","421",2013,12,31,-6.24,-8.56,-2.85,-13.6,1.8,FALSE,FALSE,"DEWAR CREEK",1608
"BCWS","421",2014,1,31,-5.7,-8.56,-0.76,-17.4,26,FALSE,FALSE,"DEWAR CREEK",1608
"BCWS","421",2014,2,28,-10.7,-15.16,-4.03,-27.7,9.2,FALSE,FALSE,"DEWAR CREEK",1608
"BCWS","421",2014,12,31,-8.22,-11.41,-3.6,-28,14.8,FALSE,FALSE,"DEWAR CREEK",1608
"BCWS","421",2015,1,31,-5.16,-8.27,-0.14,-18.3,39.6,FALSE,FALSE,"DEWAR CREEK",1608
"BCWS","421",2015,2,2,-4.99,-7.45,-2.65,-8.8,1,FALSE,TRUE,"DEWAR CREEK",1608
"BCWS","421",2015,12,31,-6.52,-9.13,-2.47,-22.4,52.6,FALSE,FALSE,"DEWAR CREEK",1608
"BCWS","421",2016,12,29,-6.54,-8.73,-3.08,-16.3,12,FALSE,FALSE,"DEWAR CREEK",1608
"BCWS","401",1998,2,4,-2.96,-6.2,1.28,-8.4,0,FALSE,TRUE,"GOATFELL",1098
"BCWS","401",1999,1,31,-2.48,-4.87,0.21,-17,60.2,FALSE,FALSE,"GOATFELL",1098
"BCWS","401",1999,2,28,-1.87,-4.36,1.18,-9.2,65,FALSE,FALSE,"GOATFELL",1098
"BCWS","401",1999,12,31,-5.2,-7.32,-2.48,-20,61.6,FALSE,FALSE,"GOATFELL",1098
"BCWS","401",2000,1,22,-4.21,-6.74,-1.55,-13,8.3,FALSE,FALSE,"GOATFELL",1098
"BCWS","401",2000,2,19,-2.21,-5.17,1.53,-11.3,19.2,FALSE,TRUE,"GOATFELL",1098
"BCWS","401",2000,12,24,-2.52,-4.53,-0.34,-10,51.2,FALSE,FALSE,"GOATFELL",1098
"BCWS","401",2001,1,31,-3.77,-6.1,-0.69,-10.8,36.1,FALSE,FALSE,"GOATFELL",1098
"BCWS","401",2001,2,28,-4.48,-8.07,0.17,-16.3,21.1,FALSE,FALSE,"GOATFELL",1098
"BCWS","401",2001,12,31,-6.43,-8.95,-3.43,-18.4,14.7,FALSE,FALSE,"GOATFELL",1098
"BCWS","401",2002,1,27,-4.22,-6.65,-1.2,-14.7,47.4,FALSE,FALSE,"GOATFELL",1098
"BCWS","401",2002,2,28,-3.16,-6.55,1.39,-17.8,74.2,FALSE,FALSE,"GOATFELL",1098
"BCWS","401",2002,12,31,-5.24,-7.93,-2.18,-16.6,9.8,FALSE,FALSE,"GOATFELL",1098
"BCWS","401",2003,1,9,-2.79,-5.22,0.51,-13,49.3,FALSE,TRUE,"GOATFELL",1098
"BCWS","401",2003,12,13,-1.77,-3.32,0.09,-6.8,16,FALSE,TRUE,"GOATFELL",1098
"BCWS","401",2004,1,31,-3.79,-6.32,-0.43,-20,80.6,FALSE,FALSE,"GOATFELL",1098
"BCWS","401",2004,2,28,-1.77,-4.99,2.86,-13.2,26.1,FALSE,FALSE,"GOATFELL",1098
"BCWS","401",2004,12,31,-4.32,-7.23,-1.15,-16.1,35.2,FALSE,FALSE,"GOATFELL",1098
"BCWS","401",2005,1,10,-11.91,-14.32,-8.34,-17.4,0,FALSE,TRUE,"GOATFELL",1098
"BCWS","401",2005,12,19,-1.13,-3.02,0.86,-9.9,54.6,FALSE,TRUE,"GOATFELL",1098
"BCWS","401",2006,1,2,0.2,-0.85,1.2,-1.3,3.8,FALSE,TRUE,"GOATFELL",1098
"BCWS","401",2006,12,25,-7.56,-10.18,-3.72,-18.3,32.4,FALSE,FALSE,"GOATFELL",1098
"BCWS","401",2007,1,31,-6.32,-9.73,-2.01,-20.8,74.2,FALSE,FALSE,"GOATFELL",1098
"BCWS","401",2007,2,28,-1.78,-4.69,2.32,-10.8,50.2,FALSE,FALSE,"GOATFELL",1098
"BCWS","401",2007,12,31,-3.85,-6.37,0.14,-12.7,57.6,FALSE,FALSE,"GOATFELL",1098
"BCWS","401",2008,1,31,-6.01,-9.16,-2.17,-19.3,45,FALSE,FALSE,"GOATFELL",1098
"BCWS","401",2008,2,29,-1.39,-5.21,3.95,-9.6,54.2,FALSE,FALSE,"GOATFELL",1098
"BCWS","401",2008,12,31,-4.74,-7.38,-1.2,-15.4,71.4,FALSE,FALSE,"GOATFELL",1098
"BCWS","401",2009,1,31,-5.46,-8.91,-0.65,-19.3,69,FALSE,FALSE,"GOATFELL",1098
"BCWS","401",2009,2,28,-2.07,-5.93,4.12,-10.4,33,FALSE,FALSE,"GOATFELL",1098
"BCWS","401",2009,12,31,-8.52,-11.75,-4.66,-25.6,12.6,FALSE,FALSE,"GOATFELL",1098
"BCWS","401",2010,1,31,-2.21,-4.99,1.52,-18.2,62.4,FALSE,FALSE,"GOATFELL",1098
"BCWS","401",2010,2,28,0.29,-2.69,5.28,-9,18.6,FALSE,FALSE,"GOATFELL",1098
"BCWS","401",2010,12,31,-8.21,-11.26,-4.05,-23,49,FALSE,FALSE,"GOATFELL",1098
"BCWS","401",2011,1,31,-4.59,-7.72,-0.99,-21.2,87.4,FALSE,FALSE,"GOATFELL",1098
"BCWS","401",2011,2,28,-6.13,-10.86,-0.65,-26.9,44.2,FALSE,FALSE,"GOATFELL",1098
"BCWS","401",2011,12,31,-4.56,-7.4,-0.29,-19.9,104.2,FALSE,FALSE,"GOATFELL",1098
"BCWS","401",2012,1,31,-4.2,-7.62,0.35,-17,77.2,FALSE,FALSE,"GOATFELL",1098
"BCWS","401",2012,2,29,-2.73,-6.72,3.22,-14.4,37.6,FALSE,FALSE,"GOATFELL",1098
"BCWS","401",2012,12,26,-3.3,-6.07,1.24,-10.8,56.4,FALSE,FALSE,"GOATFELL",1098
"BCWS","401",2013,1,31,-4.66,-7.37,-0.14,-15.4,70.4,FALSE,FALSE,"GOATFELL",1098
"BCWS","401",2013,2,28,-1.2,-4.59,4,-8.5,28,FALSE,FALSE,"GOATFELL",1098
"BCWS","401",2013,12,31,-3.24,-5.34,-0.55,-10.4,56.4,FALSE,FALSE,"GOATFELL",1098
"BCWS","401",2014,1,31,-3.59,-6.35,0.81,-15.1,52.8,FALSE,FALSE,"GOATFELL",1098
"BCWS","401",2014,2,28,-7.5,-12.76,-1.08,-25,71.8,FALSE,FALSE,"GOATFELL",1098
"BCWS","401",2014,12,31,-6.13,-8.76,-2.58,-25.3,43.6,FALSE,FALSE,"GOATFELL",1098
"BCWS","401",2015,1,31,-3.41,-6.02,-0.57,-16.1,55.4,FALSE,FALSE,"GOATFELL",1098
"BCWS","401",2015,2,28,0.29,-2.6,3.73,-11.6,74.8,FALSE,FALSE,"GOATFELL",1098
"BCWS","401",2015,12,31,-3.7,-5.94,-0.96,-21.7,56.8,FALSE,FALSE,"GOATFELL",1098
"BCWS","401",2016,12,31,-3.49,-5.55,-0.78,-14.3,87.4,FALSE,FALSE,"GOATFELL",1098
"BCWS","392",1998,1,28,-2.88,-5,-0.57,-20,51.4,FALSE,FALSE,"GRAND FORKS",630
"BCWS","392",1998,2,1,-3.4,-3.4,-3.4,-3.4,0,FALSE,TRUE,"GRAND FORKS",630
"BCWS","392",1999,1,31,-1.55,-3.52,0.85,-11.5,59.8,FALSE,FALSE,"GRAND FORKS",630
"BCWS","392",1999,2,28,0.1,-2.73,3.54,-10.4,33.9,FALSE,FALSE,"GRAND FORKS",630
"BCWS","392",1999,12,31,-3.33,-5.06,-1.25,-17.6,37.2,FALSE,FALSE,"GRAND FORKS",630
"BCWS","392",2000,1,20,-4.36,-6.47,-1.88,-14.5,1.7,FALSE,FALSE,"GRAND FORKS",630
"BCWS","392",2000,2,17,1.33,-1.86,7.03,-9.7,24.9,FALSE,TRUE,"GRAND FORKS",630
"BCWS","392",2000,12,26,-1.44,-2.82,0.39,-7.6,38.7,FALSE,FALSE,"GRAND FORKS",630
"BCWS","392",2001,1,31,-3.33,-5.55,-0.68,-15,8,FALSE,FALSE,"GRAND FORKS",630
"BCWS","392",2001,2,28,-2.77,-6.47,1.73,-16.8,36.1,FALSE,FALSE,"GRAND FORKS",630
"BCWS","392",2001,12,31,-5.98,-8.07,-3.34,-19.9,4,FALSE,FALSE,"GRAND FORKS",630
"BCWS","392",2002,1,31,-2.67,-4.95,-0.04,-14.6,23.9,FALSE,FALSE,"GRAND FORKS",630
"BCWS","392",2002,2,28,-1.12,-4.71,3.13,-12.2,28.9,FALSE,FALSE,"GRAND FORKS",630
"BCWS","392",2002,12,31,-2.85,-5.26,-0.05,-12.6,37.3,FALSE,FALSE,"GRAND FORKS",630
"BCWS","392",2003,1,31,-1.48,-2.73,0.22,-10.9,108.4,FALSE,FALSE,"GRAND FORKS",630
"BCWS","392",2003,2,28,-0.77,-4.29,3.95,-12.7,12.6,FALSE,FALSE,"GRAND FORKS",630
"BCWS","392",2003,12,31,-0.08,-1.6,1.71,-6.8,57.3,FALSE,FALSE,"GRAND FORKS",630
"BCWS","392",2004,1,31,-4.11,-6.25,-1.89,-28.2,110.8,FALSE,FALSE,"GRAND FORKS",630
"BCWS","392",2004,2,29,-0.42,-3.23,3.49,-10.3,46.7,FALSE,FALSE,"GRAND FORKS",630
"BCWS","392",2004,12,31,-3.3,-5.56,-0.69,-15.4,39.3,FALSE,FALSE,"GRAND FORKS",630
"BCWS","392",2005,1,31,-5.17,-7.45,-2.92,-25.8,8.3,FALSE,FALSE,"GRAND FORKS",630
"BCWS","392",2005,2,28,-1.19,-6.01,5.08,-10.8,0,FALSE,FALSE,"GRAND FORKS",630
"BCWS","392",2005,12,31,-1.76,-3.67,0.22,-9.1,0.8,FALSE,FALSE,"GRAND FORKS",630
"BCWS","392",2006,1,31,0.47,-1.2,2.55,-5.5,40.2,FALSE,FALSE,"GRAND FORKS",630
"BCWS","392",2006,2,28,-1.92,-6.12,3.1,-16.4,25.6,FALSE,FALSE,"GRAND FORKS",630
"BCWS","392",2006,12,31,-6.82,-9.23,-4.02,-19.4,1.5,FALSE,FALSE,"GRAND FORKS",630
"BCWS","392",2007,1,31,-6.41,-9.38,-2.8,-21.5,29.2,FALSE,FALSE,"GRAND FORKS",630
"BCWS","392",2007,2,28,-0.56,-3.08,2.51,-14.7,38,FALSE,FALSE,"GRAND FORKS",630
"BCWS","392",2007,12,31,-3.89,-6.34,-1,-14.4,17.8,FALSE,FALSE,"GRAND FORKS",630
"BCWS","392",2008,1,31,-5.6,-8.55,-2.56,-19.4,29.2,FALSE,FALSE,"GRAND FORKS",630
"BCWS","392",2008,2,29,-0.48,-4.01,4.04,-11.6,16.2,FALSE,FALSE,"GRAND FORKS",630
"BCWS","392",2008,12,31,-3.55,-6.07,-0.7,-14.9,33.8,FALSE,FALSE,"GRAND FORKS",630
"BCWS","392",2009,1,31,-6.05,-9.19,-2.14,-21.4,31.8,FALSE,FALSE,"GRAND FORKS",630
"BCWS","392",2009,2,28,-1.96,-5.39,2.79,-11.6,28.4,FALSE,FALSE,"GRAND FORKS",630
"BCWS","392",2009,12,31,-7.43,-10.19,-4.56,-24.9,50.2,FALSE,FALSE,"GRAND FORKS",630
"BCWS","392",2010,1,31,-0.7,-2.73,1.73,-13.1,32.8,FALSE,FALSE,"GRAND FORKS",630
"BCWS","392",2010,2,28,2.05,-0.87,5.9,-5.6,13.8,FALSE,FALSE,"GRAND FORKS",630
"BCWS","392",2010,12,31,-6.8,-9.74,-3.73,-19.9,38.4,FALSE,FALSE,"GRAND FORKS",630
"BCWS","392",2011,1,31,-3.82,-6.09,-1.31,-18.6,38,FALSE,FALSE,"GRAND FORKS",630
"BCWS","392",2011,2,28,-3.51,-7.5,0.93,-19.7,16,FALSE,FALSE,"GRAND FORKS",630
"BCWS","392",2011,12,31,-2.48,-4.74,-0.23,-17.8,25.4,FALSE,FALSE,"GRAND FORKS",630
"BCWS","392",2012,1,31,-5.05,-8.13,-1.85,-16.9,14,FALSE,FALSE,"GRAND FORKS",630
"BCWS","392",2012,2,29,-1.88,-4.84,2.07,-13.6,33.6,FALSE,FALSE,"GRAND FORKS",630
"BCWS","392",2012,12,31,-3.86,-6.7,-0.4,-13.4,14.4,FALSE,FALSE,"GRAND FORKS",630
"BCWS","392",2013,1,31,-5.02,-7.29,-2,-16.4,21.2,FALSE,FALSE,"GRAND FORKS",630
"BCWS","392",2013,2,28,0.18,-2.88,3.94,-7.4,11.6,FALSE,FALSE,"GRAND FORKS",630
"BCWS","392",2013,12,31,-0.94,-2.76,1.15,-9.9,21.8,FALSE,FALSE,"GRAND FORKS",630
"BCWS","392",2014,1,31,-2.44,-4.93,0.76,-14,24.8,FALSE,FALSE,"GRAND FORKS",630
"BCWS","392",2014,2,28,-4.76,-8.86,0.24,-23.2,17.8,FALSE,FALSE,"GRAND FORKS",630
"BCWS","392",2014,12,31,-6.23,-8.48,-3.42,-20.9,25.8,FALSE,FALSE,"GRAND FORKS",630
"BCWS","392",2015,1,31,-2.02,-3.6,0.1,-14.4,29.6,FALSE,FALSE,"GRAND FORKS",630
"BCWS","392",2015,2,28,2.22,-1.13,6.77,-6.1,41.4,FALSE,FALSE,"GRAND FORKS",630
"BCWS","392",2015,12,31,-2.31,-4.71,0.55,-16.5,33.4,FALSE,FALSE,"GRAND FORKS",630
"BCWS","392",2016,12,31,-1.82,-3.92,0.6,-13.4,53.4,FALSE,FALSE,"GRAND FORKS",630
"BCWS","407",1999,12,31,-6.82,-8.59,-4.64,-20,43.8,FALSE,FALSE,"NANCY GREENE",1397
"BCWS","407",2001,1,17,-5.22,-7.37,-1.82,-11.2,3.3,FALSE,TRUE,"NANCY GREENE",1397
"BCWS","407",2001,12,31,-7.53,-10.31,-4.03,-19.7,12.2,FALSE,FALSE,"NANCY GREENE",1397
"BCWS","407",2002,1,19,-4.02,-6.51,-1.21,-12.5,84.2,FALSE,TRUE,"NANCY GREENE",1397
"BCWS","407",2002,12,15,-7.95,-10.54,-3.93,-15.8,0.3,FALSE,TRUE,"NANCY GREENE",1397
"BCWS","407",2003,1,26,-3.94,-6.54,0.23,-12.9,77.6,FALSE,FALSE,"NANCY GREENE",1397
"BCWS","407",2003,2,11,-2.9,-6.79,3.41,-9.4,7.5,FALSE,TRUE,"NANCY GREENE",1397
"BCWS","407",2003,12,12,-2.98,-4.53,-0.77,-7.6,1.1,FALSE,TRUE,"NANCY GREENE",1397
"BCWS","407",2004,2,22,-1.85,-5.13,3.29,-9.3,34.5,FALSE,FALSE,"NANCY GREENE",1397
"BCWS","407",2004,12,15,-5.56,-8.94,-2.35,-13.5,0,FALSE,TRUE,"NANCY GREENE",1397
"BCWS","407",2005,1,31,-5.67,-8.78,-1.78,-20,41,FALSE,FALSE,"NANCY GREENE",1397
"BCWS","407",2005,2,28,-3.03,-8.04,3.98,-13.6,8.4,FALSE,FALSE,"NANCY GREENE",1397
"BCWS","407",2005,12,18,-3.76,-5.63,-1.41,-10.1,38.4,FALSE,TRUE,"NANCY GREENE",1397
"BCWS","407",2006,1,31,-2.99,-5.08,-0.28,-11,50.2,FALSE,FALSE,"NANCY GREENE",1397
"BCWS","407",2006,2,28,-5.6,-9.95,0.09,-22,61.4,FALSE,FALSE,"NANCY GREENE",1397
"BCWS","407",2006,12,31,-6.36,-9.03,-2.08,-17,60.8,FALSE,FALSE,"NANCY GREENE",1397
"BCWS","407",2007,1,31,-7.88,-11.49,-3.12,-21.5,36.4,FALSE,FALSE,"NANCY GREENE",1397
"BCWS","407",2007,2,28,-3.33,-6.49,0.71,-15.5,40.2,FALSE,FALSE,"NANCY GREENE",1397
"BCWS","407",2007,12,31,-5.51,-8.5,-1.2,-14.8,48.8,FALSE,FALSE,"NANCY GREENE",1397
"BCWS","407",2008,1,31,-6.7,-9.73,-2.75,-17.1,0.8,FALSE,FALSE,"NANCY GREENE",1397
"BCWS","407",2008,2,29,20.01,17.88,22.54,-2.4,46.2,TRUE,FALSE,"NANCY GREENE",1397
"BCWS","407",2008,12,31,-6.58,-9.41,-3.11,-15.8,54.2,FALSE,FALSE,"NANCY GREENE",1397
"BCWS","407",2009,1,31,-6.31,-10.06,-0.82,-21.8,29.3,FALSE,FALSE,"NANCY GREENE",1397
"BCWS","407",2009,2,28,-3.9,-7.96,2.04,-13.4,36.8,FALSE,FALSE,"NANCY GREENE",1397
"BCWS","407",2009,12,31,-9.98,-13.06,-6.38,-25.8,13.2,FALSE,FALSE,"NANCY GREENE",1397
"BCWS","407",2010,1,31,-3.22,-5.84,0.31,-14.1,62.4,FALSE,FALSE,"NANCY GREENE",1397
"BCWS","407",2010,2,28,-1.72,-4.75,3.1,-10.4,48.4,FALSE,FALSE,"NANCY GREENE",1397
"BCWS","407",2010,12,31,-9.13,-12.38,-4.55,-21.7,18,FALSE,FALSE,"NANCY GREENE",1397
"BCWS","407",2011,1,31,-6.06,-9.06,-2.25,-19.8,58.8,FALSE,FALSE,"NANCY GREENE",1397
"BCWS","407",2011,2,28,-7.45,-11.72,-2.22,-22.7,27.8,FALSE,FALSE,"NANCY GREENE",1397
"BCWS","407",2011,12,31,-5.43,-7.88,-2.15,-18.9,37,FALSE,FALSE,"NANCY GREENE",1397
"BCWS","407",2012,1,31,-6.66,-9.7,-3.01,-18.5,29,FALSE,FALSE,"NANCY GREENE",1397
"BCWS","407",2012,2,29,-4.48,-8.43,0.3,-17.5,31.6,FALSE,FALSE,"NANCY GREENE",1397
"BCWS","407",2012,12,31,-5.3,-8.39,-1.24,-13,35.4,FALSE,FALSE,"NANCY GREENE",1397
"BCWS","407",2013,1,31,-6.55,-9.53,-2.22,-16.8,33.8,FALSE,FALSE,"NANCY GREENE",1397
"BCWS","407",2013,2,28,-3.27,-6.56,1.14,-11.3,34.4,FALSE,FALSE,"NANCY GREENE",1397
"BCWS","407",2013,12,31,-5.27,-7.37,-2.98,-14.7,22.8,FALSE,FALSE,"NANCY GREENE",1397
"BCWS","407",2014,1,31,-4.15,-7.35,0.97,-16,32,FALSE,FALSE,"NANCY GREENE",1397
"BCWS","407",2014,2,28,-8.49,-12.82,-3.28,-22,29.4,FALSE,FALSE,"NANCY GREENE",1397
"BCWS","407",2014,12,31,-7.92,-10.52,-4.62,-23.6,31.8,FALSE,FALSE,"NANCY GREENE",1397
"BCWS","407",2015,1,31,-4.41,-7.45,-0.09,-16.7,48.2,FALSE,FALSE,"NANCY GREENE",1397
"BCWS","407",2015,2,28,-0.92,-4.04,3.12,-10,69.8,FALSE,FALSE,"NANCY GREENE",1397
"BCWS","407",2015,12,31,-4.94,-7.57,-1.47,-19.4,63.8,FALSE,FALSE,"NANCY GREENE",1397
"BCWS","407",2016,12,31,-5.92,-8.21,-3.55,-16.7,31,FALSE,FALSE,"NANCY GREENE",1397
"BCWS","393",1999,12,31,-4.88,-6.48,-2.89,-20,44.8,FALSE,FALSE,"NICOLL",866
"BCWS","393",2001,1,5,-3.98,-6.62,-0.38,-12.1,0.6,FALSE,TRUE,"NICOLL",866
"BCWS","393",2001,12,20,-5.39,-8.14,-1.6,-19.5,10,FALSE,FALSE,"NICOLL",866
"BCWS","393",2003,1,21,-2.96,-5.14,0,-12.6,50.6,FALSE,FALSE,"NICOLL",866
"BCWS","393",2003,2,9,-2.63,-8.31,5.91,-10.9,0.3,FALSE,TRUE,"NICOLL",866
"BCWS","393",2003,12,12,-1.93,-2.97,-0.19,-7,0.9,FALSE,TRUE,"NICOLL",866
"BCWS","393",2004,2,20,-0.25,-3.98,5.55,-12.7,30.9,FALSE,FALSE,"NICOLL",866
"BCWS","393",2004,12,15,-4.36,-7.52,-1.29,-13.8,16,FALSE,TRUE,"NICOLL",866
"BCWS","393",2005,1,31,-5.05,-7.95,-1.64,-20,54,FALSE,FALSE,"NICOLL",866
"BCWS","393",2005,2,28,-2.54,-8.67,5.41,-15.1,5.1,FALSE,FALSE,"NICOLL",866
"BCWS","393",2005,12,17,-1.82,-3.28,0.05,-10.9,5,FALSE,TRUE,"NICOLL",866
"BCWS","393",2006,1,31,-0.18,-1.53,2.15,-5.8,131.7,FALSE,FALSE,"NICOLL",866
"BCWS","393",2006,2,28,-3.89,-8.68,2.44,-20.7,71,FALSE,FALSE,"NICOLL",866
"BCWS","393",2006,12,30,-3.31,-5.89,0.14,-18.7,26.3,FALSE,FALSE,"NICOLL",866
"BCWS","393",2007,1,31,-7.34,-10.95,-2.58,-23.4,24,FALSE,FALSE,"NICOLL",866
"BCWS","393",2007,2,28,-1.46,-4.47,2.8,-16.5,40.4,FALSE,FALSE,"NICOLL",866
"BCWS","393",2007,12,30,-4.58,-7.18,-1.15,-15.3,66.8,FALSE,FALSE,"NICOLL",866
"BCWS","393",2010,12,2,-11.31,-14.55,-7,-15.1,0.2,FALSE,TRUE,"NICOLL",866
"BCWS","393",2011,1,31,-5.13,-8.07,-1.66,-20.4,75,FALSE,FALSE,"NICOLL",866
"BCWS","393",2011,2,28,-5.57,-10.28,-0.24,-23.6,39.8,FALSE,FALSE,"NICOLL",866
"BCWS","393",2011,12,31,-3.54,-5.85,-0.68,-19.2,68,FALSE,FALSE,"NICOLL",866
"BCWS","393",2012,1,31,-5.99,-9.21,-2.63,-17.9,48.2,FALSE,FALSE,"NICOLL",866
"BCWS","393",2012,2,29,-2.8,-6.94,2.26,-19.9,57.4,FALSE,FALSE,"NICOLL",866
"BCWS","393",2012,12,31,-4.8,-8.1,-0.73,-15.7,47.4,FALSE,FALSE,"NICOLL",866
"BCWS","393",2013,1,31,-6.1,-9,-2.14,-17.9,36.8,FALSE,FALSE,"NICOLL",866
"BCWS","393",2013,2,28,-1.37,-4.92,3.82,-13.3,52.8,FALSE,FALSE,"NICOLL",866
"BCWS","393",2013,12,31,-3,-4.81,-0.27,-14,50,FALSE,FALSE,"NICOLL",866
"BCWS","393",2014,1,31,-3.62,-6.68,1.22,-15.2,66.8,FALSE,FALSE,"NICOLL",866
"BCWS","393",2014,2,28,-5.99,-11.16,0.76,-24,42,FALSE,FALSE,"NICOLL",866
"BCWS","393",2014,12,31,-7.1,-9.92,-3.74,-23.5,7.2,FALSE,FALSE,"NICOLL",866
"BCWS","393",2015,1,31,-3.47,-6.04,-0.03,-16.2,52.8,FALSE,FALSE,"NICOLL",866
"BCWS","393",2015,2,28,0.48,-3.39,6.16,-9.3,67.6,FALSE,FALSE,"NICOLL",866
"BCWS","393",2015,12,31,-3.73,-6.4,-0.28,-19,95.6,FALSE,FALSE,"NICOLL",866
"BCWS","393",2016,12,30,-3.86,-6.17,-0.89,-16.9,95.6,FALSE,FALSE,"NICOLL",866
"BCWS","408",1999,1,2,-12.34,-13.45,-10.05,-13.8,0,FALSE,TRUE,"NORNS",2423
"BCWS","408",1999,12,31,-11.24,-12.92,-8.99,-20,0,FALSE,FALSE,"NORNS",2423
"BCWS","408",2000,1,22,-10.3,-12.24,-8.36,-16.5,0,FALSE,FALSE,"NORNS",2423
"BCWS","408",2000,2,24,-8.29,-10.49,-5.35,-14.5,0,FALSE,FALSE,"NORNS",2423
"BCWS","408",2000,12,29,-5.87,-7.98,-4.05,-16,0,FALSE,FALSE,"NORNS",2423
"BCWS","408",2001,12,12,-9.65,-11.59,-7.16,-19,0,FALSE,TRUE,"NORNS",2423
"BCWS","408",2003,12,12,-4.48,-6.35,-2.49,-10.2,0,FALSE,TRUE,"NORNS",2423
"BCWS","408",2004,12,15,-9.91,-12.23,-7.45,-15.9,0,FALSE,TRUE,"NORNS",2423
"BCWS","408",2005,1,31,-12.73,-13.71,-11.81,-20,0,FALSE,FALSE,"NORNS",2423
"BCWS","408",2005,2,28,-6.98,-9.5,-3.95,-17.1,0,FALSE,FALSE,"NORNS",2423
"BCWS","408",2005,12,18,-20,-20,-20,-20,0,FALSE,TRUE,"NORNS",2423
"BCWS","408",2007,1,31,-10.43,-12.97,-7.78,-22,0,FALSE,FALSE,"NORNS",2423
"BCWS","408",2007,2,28,-7.66,-10.01,-4.86,-15.5,0,FALSE,FALSE,"NORNS",2423
"BCWS","408",2007,12,31,-9.5,-11.95,-6.96,-18.3,0,FALSE,FALSE,"NORNS",2423
"BCWS","408",2008,1,31,-8.68,-9.12,-8.25,-14.3,0,FALSE,FALSE,"NORNS",2423
"BCWS","408",2008,2,29,-7.72,-7.83,-7.59,-9,0,FALSE,FALSE,"NORNS",2423
"BCWS","408",2008,12,31,-9.95,-11.56,-7.82,-20.7,0,FALSE,FALSE,"NORNS",2423
"BCWS","408",2009,1,31,-7.79,-10.61,-5.45,-22.9,0,FALSE,FALSE,"NORNS",2423
"BCWS","408",2009,2,28,-8.9,-11.36,-5.9,-18.1,0,FALSE,FALSE,"NORNS",2423
"BCWS","408",2009,12,31,-13.66,-16.65,-10.82,-27.7,0,FALSE,FALSE,"NORNS",2423
"BCWS","408",2010,1,31,-6.36,-6.89,-5.9,-10,0,FALSE,FALSE,"NORNS",2423
"BCWS","408",2010,2,28,-5.62,-5.75,-5.5,-7.3,0,FALSE,FALSE,"NORNS",2423
"BCWS","408",2010,12,31,-11.29,-12.86,-9.85,-24.7,0,FALSE,FALSE,"NORNS",2423
"BCWS","408",2011,1,31,-8.25,-9.64,-6.79,-19.2,0,FALSE,FALSE,"NORNS",2423
"BCWS","408",2011,2,28,-8.4,-10.04,-6.86,-15,0,FALSE,FALSE,"NORNS",2423
"BCWS","408",2011,12,31,-9.72,-11.5,-8,-16.9,0,FALSE,FALSE,"NORNS",2423
"BCWS","408",2012,1,31,-10.64,-13.29,-7.95,-22.8,0,FALSE,FALSE,"NORNS",2423
"BCWS","408",2012,2,29,-8.21,-10.26,-5.73,-15.1,0,FALSE,FALSE,"NORNS",2423
"BCWS","408",2012,12,31,-8.56,-11.08,-6.27,-16.2,0,FALSE,FALSE,"NORNS",2423
"BCWS","408",2013,1,31,-6.59,-7.04,-6.25,-12.9,0,FALSE,FALSE,"NORNS",2423
"BCWS","408",2013,2,28,-6.56,-6.69,-6.41,-7.5,0,FALSE,FALSE,"NORNS",2423
"BCWS","408",2013,12,31,-5.55,-6.26,-4.97,-9.5,0,FALSE,FALSE,"NORNS",2423
"BCWS","408",2014,1,31,-5.83,-8.17,-3.46,-16.7,0,FALSE,FALSE,"NORNS",2423
"BCWS","408",2014,2,28,-13.52,-16.52,-9.54,-28.7,0,FALSE,FALSE,"NORNS",2423
"BCWS","408",2014,12,31,-10.86,-13.12,-8.53,-28.4,0,FALSE,FALSE,"NORNS",2423
"BCWS","408",2015,1,31,15.34,14.25,16.32,9,0,TRUE,FALSE,"NORNS",2423
"BCWS","408",2015,2,28,31.85,30.05,33.12,18.5,0,TRUE,FALSE,"NORNS",2423
"BCWS","408",2015,12,31,12.79,10.75,14.47,4.6,0,TRUE,FALSE,"NORNS",2423
"BCWS","408",2016,12,31,-6.1,-6.96,-5.3,-9.7,0,FALSE,FALSE,"NORNS",2423
"BCWS","396",2001,1,17,-5.48,-7.44,-3.55,-12,0.9,FALSE,TRUE,"OCTOPUS CREEK",1432
"BCWS","396",2001,12,31,-7.62,-9.81,-5.22,-19.8,0.3,FALSE,FALSE,"OCTOPUS CREEK",1432
"BCWS","396",2002,1,19,-4.3,-5.99,-2.39,-10.7,3.5,FALSE,TRUE,"OCTOPUS CREEK",1432
"BCWS","396",2002,12,15,-8.8,-11,-6.15,-15.1,0.6,FALSE,TRUE,"OCTOPUS CREEK",1432
"BCWS","396",2003,1,21,-4.03,-6.4,-1.4,-12.6,35.1,FALSE,FALSE,"OCTOPUS CREEK",1432
"BCWS","396",2003,2,6,-1.62,-4.48,3.73,-7.7,0,FALSE,TRUE,"OCTOPUS CREEK",1432
"BCWS","396",2003,12,12,-3.67,-4.91,-1.99,-6.4,0.3,FALSE,TRUE,"OCTOPUS CREEK",1432
"BCWS","396",2004,2,22,-2.77,-5.35,0.53,-11.3,20.5,FALSE,FALSE,"OCTOPUS CREEK",1432
"BCWS","396",2004,12,15,-6.31,-9.27,-3.65,-15.3,0,FALSE,TRUE,"OCTOPUS CREEK",1432
"BCWS","396",2007,1,31,-7.71,-10.7,-4.27,-21.1,16.6,FALSE,FALSE,"OCTOPUS CREEK",1432
"BCWS","396",2007,2,28,-3.6,-6.02,-0.38,-13.7,25.8,FALSE,FALSE,"OCTOPUS CREEK",1432
"BCWS","396",2007,12,27,-5.66,-8.19,-2.95,-14,18.8,FALSE,FALSE,"OCTOPUS CREEK",1432
"BCWS","396",2008,1,19,-5.67,-7.83,-3.56,-13.5,4.6,FALSE,TRUE,"OCTOPUS CREEK",1432
"BCWS","396",2008,2,21,-4.24,-7.28,-0.21,-11.8,19.6,FALSE,FALSE,"OCTOPUS CREEK",1432
"BCWS","396",2008,12,22,-7.03,-9.11,-4.74,-13.1,4.6,FALSE,FALSE,"OCTOPUS CREEK",1432
"BCWS","396",2009,1,30,-6.24,-9.49,-2.24,-21.5,47.6,FALSE,FALSE,"OCTOPUS CREEK",1432
"BCWS","396",2009,2,3,-5.15,-7.47,-3.33,-10.9,0,FALSE,TRUE,"OCTOPUS CREEK",1432
"BCWS","396",2009,12,31,-10.04,-12.78,-6.72,-25.7,16.8,FALSE,FALSE,"OCTOPUS CREEK",1432
"BCWS","396",2010,12,2,-11.75,-12.7,-10.15,-13,0,FALSE,TRUE,"OCTOPUS CREEK",1432
"BCWS","396",2011,1,31,-5.78,-8.64,-2.8,-19.8,52.4,FALSE,FALSE,"OCTOPUS CREEK",1432
"BCWS","396",2011,2,28,-7.74,-11.67,-3.51,-22.2,23,FALSE,FALSE,"OCTOPUS CREEK",1432
"BCWS","396",2011,12,31,-6.02,-8.68,-3.16,-18.9,31.2,FALSE,FALSE,"OCTOPUS CREEK",1432
"BCWS","396",2012,1,31,-6.72,-9.87,-3.43,-19,18.2,FALSE,FALSE,"OCTOPUS CREEK",1432
"BCWS","396",2012,2,29,-5.61,-8.99,-1.34,-17.4,34,FALSE,FALSE,"OCTOPUS CREEK",1432
"BCWS","396",2012,12,31,-5.05,-8.2,-1.97,-13.6,24,FALSE,FALSE,"OCTOPUS CREEK",1432
"BCWS","396",2013,1,31,-5.86,-8.75,-2.29,-17,28,FALSE,FALSE,"OCTOPUS CREEK",1432
"BCWS","396",2013,2,28,-3.1,-6.45,0.8,-11.8,29.4,FALSE,FALSE,"OCTOPUS CREEK",1432
"BCWS","396",2013,12,31,-5.34,-7.55,-3.22,-14.9,19.4,FALSE,FALSE,"OCTOPUS CREEK",1432
"BCWS","396",2014,1,31,-4.26,-7.33,-0.08,-14.9,25.6,FALSE,FALSE,"OCTOPUS CREEK",1432
"BCWS","396",2014,2,28,-8.88,-13.6,-3.07,-25.4,35.6,FALSE,FALSE,"OCTOPUS CREEK",1432
"BCWS","396",2014,12,31,-7.41,-10.27,-4.11,-22.9,23.8,FALSE,FALSE,"OCTOPUS CREEK",1432
"BCWS","396",2015,1,31,-3.98,-7.01,-0.3,-12.9,51.2,FALSE,FALSE,"OCTOPUS CREEK",1432
"BCWS","396",2015,2,28,-0.69,-3.71,3.99,-9.8,55.2,FALSE,FALSE,"OCTOPUS CREEK",1432
"BCWS","396",2015,12,31,-5.12,-7.78,-2.23,-21,45.2,FALSE,FALSE,"OCTOPUS CREEK",1432
"BCWS","396",2016,12,30,-5.81,-7.99,-3.4,-17.6,33.8,FALSE,FALSE,"OCTOPUS CREEK",1432
"BCWS","402",1999,1,20,-0.65,-2.2,1.49,-10.3,55.7,FALSE,FALSE,"PENDOREILLE",725
"BCWS","402",1999,12,31,-3.38,-5.36,-1.06,-20,124.5,FALSE,FALSE,"PENDOREILLE",725
"BCWS","402",2000,1,22,-2.87,-5.16,0.1,-12.7,20,FALSE,FALSE,"PENDOREILLE",725
"BCWS","402",2000,2,24,-0.47,-3.29,3.22,-9.9,47,FALSE,FALSE,"PENDOREILLE",725
"BCWS","402",2000,12,25,-1,-2.58,0.86,-8.6,78.7,FALSE,FALSE,"PENDOREILLE",725
"BCWS","402",2001,1,16,-2.34,-4.55,0.84,-10.5,29.6,FALSE,TRUE,"PENDOREILLE",725
"BCWS","402",2001,12,31,-4.98,-7.4,-2.09,-16.5,20.6,FALSE,FALSE,"PENDOREILLE",725
"BCWS","402",2002,1,19,-1.95,-4.15,0.86,-12.3,38.6,FALSE,TRUE,"PENDOREILLE",725
"BCWS","402",2002,12,15,-4.57,-6.67,-1.61,-8.5,0.9,FALSE,TRUE,"PENDOREILLE",725
"BCWS","402",2003,1,23,-1.23,-2.91,1.53,-10.7,51.1,FALSE,FALSE,"PENDOREILLE",725
"BCWS","402",2003,2,10,-1.55,-5.34,4.11,-8.7,0.3,FALSE,TRUE,"PENDOREILLE",725
"BCWS","402",2003,12,12,-0.57,-1.77,0.97,-5.6,0.3,FALSE,TRUE,"PENDOREILLE",725
"BCWS","402",2004,2,20,0.38,-2.85,5.64,-9.2,44.9,FALSE,FALSE,"PENDOREILLE",725
"BCWS","402",2004,12,15,-2.73,-5.25,-0.08,-11,30.2,FALSE,TRUE,"PENDOREILLE",725
"BCWS","402",2005,1,31,-3.58,-6.37,-0.25,-20,58.1,FALSE,FALSE,"PENDOREILLE",725
"BCWS","402",2005,2,28,-0.59,-5.68,6.64,-11,4.6,FALSE,FALSE,"PENDOREILLE",725
"BCWS","402",2005,12,17,-0.13,-1.52,1.68,-7.2,38.3,FALSE,TRUE,"PENDOREILLE",725
"BCWS","402",2006,1,31,0.22,-1.13,2.36,-5.6,139.6,FALSE,FALSE,"PENDOREILLE",725
"BCWS","402",2006,2,28,-2.32,-6.37,3.15,-17.9,53.6,FALSE,FALSE,"PENDOREILLE",725
"BCWS","402",2006,12,31,-4.89,-7.37,-1.43,-16.7,73.4,FALSE,FALSE,"PENDOREILLE",725
"BCWS","402",2007,1,31,-4.91,-7.76,-1.27,-19,54.2,FALSE,FALSE,"PENDOREILLE",725
"BCWS","402",2007,2,28,-0.28,-2.46,3.07,-7.9,53.8,FALSE,FALSE,"PENDOREILLE",725
"BCWS","402",2007,12,31,-3.2,-5.51,0.05,-13.4,61.2,FALSE,FALSE,"PENDOREILLE",725
"BCWS","402",2008,1,31,-5,-8.08,-1.15,-16.9,54.4,FALSE,FALSE,"PENDOREILLE",725
"BCWS","402",2008,2,29,-0.23,-3.84,4.94,-8.6,45.4,FALSE,FALSE,"PENDOREILLE",725
"BCWS","402",2008,12,31,-3.4,-5.6,-0.45,-12.4,51.2,FALSE,FALSE,"PENDOREILLE",725
"BCWS","402",2009,1,31,-3.98,-6.79,-0.33,-18.9,36.4,FALSE,FALSE,"PENDOREILLE",725
"BCWS","402",2009,2,28,-0.82,-4.51,4.05,-9.8,29.8,FALSE,FALSE,"PENDOREILLE",725
"BCWS","402",2009,12,31,-6.34,-8.8,-3.51,-21,20,FALSE,FALSE,"PENDOREILLE",725
"BCWS","402",2010,1,31,-0.53,-2.81,2.52,-13.4,72.4,FALSE,FALSE,"PENDOREILLE",725
"BCWS","402",2010,2,28,1.71,-1.2,6.14,-6,33.4,FALSE,FALSE,"PENDOREILLE",725
"BCWS","402",2010,12,31,-6.05,-8.75,-2.39,-19,44.2,FALSE,FALSE,"PENDOREILLE",725
"BCWS","402",2011,1,31,-3.11,-5.59,-0.12,-18.1,73,FALSE,FALSE,"PENDOREILLE",725
"BCWS","402",2011,2,28,-3.5,-7.76,1.27,-21.7,31.8,FALSE,FALSE,"PENDOREILLE",725
"BCWS","402",2011,12,31,-2.27,-4.75,0.85,-17.3,68.2,FALSE,FALSE,"PENDOREILLE",725
"BCWS","402",2012,1,31,-3.08,-5.87,0.14,-13.3,43.4,FALSE,FALSE,"PENDOREILLE",725
"BCWS","402",2012,2,29,-1.08,-4.27,3.09,-12.5,64.2,FALSE,FALSE,"PENDOREILLE",725
"BCWS","402",2012,12,31,-3.11,-5.84,0.28,-11,35.4,FALSE,FALSE,"PENDOREILLE",725
"BCWS","402",2013,1,31,-3.84,-6.1,-0.79,-14.3,44.6,FALSE,FALSE,"PENDOREILLE",725
"BCWS","402",2013,2,28,0.56,-2.08,4.24,-5.6,28.6,FALSE,FALSE,"PENDOREILLE",725
"BCWS","402",2013,12,31,-0.79,-2.21,0.97,-8.1,81,FALSE,FALSE,"PENDOREILLE",725
"BCWS","402",2014,1,31,-1.71,-4.19,2.45,-12.3,49.6,FALSE,FALSE,"PENDOREILLE",725
"BCWS","402",2014,2,28,-4.33,-9.07,1.48,-22,36.6,FALSE,FALSE,"PENDOREILLE",725
"BCWS","402",2014,12,31,-5.06,-7.28,-2.04,-20.2,42.2,FALSE,FALSE,"PENDOREILLE",725
"BCWS","402",2015,1,31,-1.82,-3.87,1.38,-15.1,47.4,FALSE,FALSE,"PENDOREILLE",725
"BCWS","402",2015,2,28,1.94,-1.54,7.12,-7.2,59,FALSE,FALSE,"PENDOREILLE",725
"BCWS","402",2015,12,31,-1.84,-4.23,0.99,-17,58.4,FALSE,FALSE,"PENDOREILLE",725
"BCWS","402",2016,12,30,-1.47,-3.19,0.89,-12.7,98.6,FALSE,FALSE,"PENDOREILLE",725
"BCWS","380",2002,1,17,-2.55,-3.75,-1.31,-10.6,22.6,FALSE,TRUE,"POWDER CREEK",1019
"BCWS","380",2002,2,24,-2.92,-4.86,-0.18,-12.7,36.2,FALSE,FALSE,"POWDER CREEK",1019
"BCWS","380",2002,12,15,-6.86,-8.22,-5.07,-11.5,0,FALSE,TRUE,"POWDER CREEK",1019
"BCWS","380",2003,1,22,-2.87,-4.11,-1.42,-9.8,34.7,FALSE,FALSE,"POWDER CREEK",1019
"BCWS","380",2003,2,28,-2.36,-4.7,0.82,-12.8,6.6,FALSE,FALSE,"POWDER CREEK",1019
"BCWS","380",2003,12,21,-0.97,-1.88,0.1,-6.8,81.1,FALSE,FALSE,"POWDER CREEK",1019
"BCWS","380",2004,1,19,-2.69,-4.03,-0.72,-20,3,FALSE,TRUE,"POWDER CREEK",1019
"BCWS","380",2004,2,22,-1.24,-3.18,1.62,-9,9.7,FALSE,FALSE,"POWDER CREEK",1019
"BCWS","380",2004,12,14,-2.53,-4.16,-0.59,-8.7,17.7,FALSE,TRUE,"POWDER CREEK",1019
"BCWS","380",2005,1,19,-0.85,-2.31,0.94,-12.7,58,FALSE,TRUE,"POWDER CREEK",1019
"BCWS","380",2005,2,28,-1.67,-4.85,2.42,-10.5,6.3,FALSE,FALSE,"POWDER CREEK",1019
"BCWS","380",2005,12,13,-1.12,-2.46,0.22,-6.9,35.3,FALSE,TRUE,"POWDER CREEK",1019
"BCWS","380",2007,1,31,-5.82,-7.61,-3.65,-15.9,40.6,FALSE,FALSE,"POWDER CREEK",1019
"BCWS","380",2007,2,28,-1.91,-3.8,0.9,-11.9,50,FALSE,FALSE,"POWDER CREEK",1019
"BCWS","380",2007,12,31,-3.58,-4.75,-2.12,-10.6,35.8,FALSE,FALSE,"POWDER CREEK",1019
"BCWS","380",2008,1,31,-5.65,-7.45,-3.59,-14.5,12.2,FALSE,FALSE,"POWDER CREEK",1019
"BCWS","380",2008,2,29,-2.03,-4.47,1.17,-10.5,36.6,FALSE,FALSE,"POWDER CREEK",1019
"BCWS","380",2008,12,31,-4.44,-6.01,-2.61,-12.1,32,FALSE,FALSE,"POWDER CREEK",1019
"BCWS","380",2009,1,31,-5.27,-6.89,-3.38,-15.8,62.4,FALSE,FALSE,"POWDER CREEK",1019
"BCWS","380",2009,2,28,-2.79,-5.35,0.61,-7.5,38.4,FALSE,FALSE,"POWDER CREEK",1019
"BCWS","380",2009,12,31,-7.31,-9.06,-5.54,-19.8,8.2,FALSE,FALSE,"POWDER CREEK",1019
"BCWS","380",2010,1,31,-2.1,-3.72,0.01,-13.3,79,FALSE,FALSE,"POWDER CREEK",1019
"BCWS","380",2010,2,11,-0.47,-1.75,1.95,-3.5,6.4,FALSE,TRUE,"POWDER CREEK",1019
"BCWS","380",2010,12,31,-7.4,-9.28,-5.28,-17.5,35.4,FALSE,FALSE,"POWDER CREEK",1019
"BCWS","380",2012,1,31,-4.54,-6.58,-2.45,-14.2,27.8,FALSE,FALSE,"POWDER CREEK",1019
"BCWS","380",2012,2,29,-3.04,-5.57,0.63,-12.5,60.4,FALSE,FALSE,"POWDER CREEK",1019
"BCWS","380",2012,12,31,-3.46,-5.25,-1.19,-9.7,39.2,FALSE,FALSE,"POWDER CREEK",1019
"BCWS","380",2013,1,31,-4.45,-5.88,-2.55,-13,37.4,FALSE,FALSE,"POWDER CREEK",1019
"BCWS","380",2013,2,28,-1.1,-3.1,1.97,-6.5,47.8,FALSE,FALSE,"POWDER CREEK",1019
"BCWS","380",2013,12,31,-2.69,-4.11,-1.09,-9,48.2,FALSE,FALSE,"POWDER CREEK",1019
"BCWS","380",2015,1,31,-2.91,-4.21,-1.06,-12.9,38.2,FALSE,FALSE,"POWDER CREEK",1019
"BCWS","380",2015,2,28,0.67,-1.51,3.78,-7.2,85.6,FALSE,FALSE,"POWDER CREEK",1019
"BCWS","380",2015,12,31,-2.99,-4.67,-0.81,-15.6,75.8,FALSE,FALSE,"POWDER CREEK",1019
"BCWS","380",2016,12,31,-3.31,-4.54,-1.86,-12.6,83.4,FALSE,FALSE,"POWDER CREEK",1019
"BCWS","406",1999,12,31,-6.06,-7.84,-3.91,-20,11.5,FALSE,FALSE,"SLOCAN",1230
"BCWS","406",2000,12,22,-3.07,-4.92,-1.18,-10.8,0,FALSE,FALSE,"SLOCAN",1230
"BCWS","406",2001,1,17,-4.28,-6.14,-1.49,-11.4,7.3,FALSE,TRUE,"SLOCAN",1230
"BCWS","406",2001,12,31,-6.85,-8.77,-4.22,-19.8,0.9,FALSE,FALSE,"SLOCAN",1230
"BCWS","406",2002,1,19,-3.62,-5.37,-0.53,-10.9,58.3,FALSE,TRUE,"SLOCAN",1230
"BCWS","406",2002,12,19,-6.87,-9.18,-3.82,-12.3,0,FALSE,TRUE,"SLOCAN",1230
"BCWS","406",2003,1,26,-3.71,-5.36,-1.55,-10.3,53,FALSE,FALSE,"SLOCAN",1230
"BCWS","406",2003,2,10,-3.07,-5.93,1.45,-8.1,4,FALSE,TRUE,"SLOCAN",1230
"BCWS","406",2003,12,12,-3.23,-4.14,-2.08,-6.6,0,FALSE,TRUE,"SLOCAN",1230
"BCWS","406",2004,2,22,-1.67,-4.44,2.97,-10,39,FALSE,FALSE,"SLOCAN",1230
"BCWS","406",2004,12,15,-5.12,-7.83,-1.58,-13.9,17,FALSE,TRUE,"SLOCAN",1230
"BCWS","406",2005,1,31,-4.7,-7.15,-1.56,-19.9,5.1,FALSE,FALSE,"SLOCAN",1230
"BCWS","406",2005,2,28,-1.98,-5.63,3.22,-11.7,3.3,FALSE,FALSE,"SLOCAN",1230
"BCWS","406",2005,12,17,-2.14,-3.71,-0.29,-8.2,1,FALSE,TRUE,"SLOCAN",1230
"BCWS","406",2006,1,31,-2.05,-3.66,0.39,-9.1,70.6,FALSE,FALSE,"SLOCAN",1230
"BCWS","406",2006,2,9,-1.74,-4.33,2.53,-9.1,31.6,FALSE,TRUE,"SLOCAN",1230
"BCWS","406",2006,12,31,-5.57,-7.43,-2.08,-14.6,81.6,FALSE,FALSE,"SLOCAN",1230
"BCWS","406",2007,1,31,-7.25,-9.69,-4.23,-19,29.4,FALSE,FALSE,"SLOCAN",1230
"BCWS","406",2007,2,28,-2.49,-4.81,1.32,-12.5,41,FALSE,FALSE,"SLOCAN",1230
"BCWS","406",2007,12,31,-4.55,-6.46,-1.93,-12.7,28.8,FALSE,FALSE,"SLOCAN",1230
"BCWS","406",2008,1,31,-6.89,-9.47,-3.88,-17.5,11.6,FALSE,FALSE,"SLOCAN",1230
"BCWS","406",2008,2,29,-3.08,-5.67,0.55,-12.6,38.6,FALSE,FALSE,"SLOCAN",1230
"BCWS","406",2008,12,31,-5.74,-7.66,-3.37,-14.4,54.6,FALSE,FALSE,"SLOCAN",1230
"BCWS","406",2009,1,31,-6.49,-8.92,-3.31,-18.6,65,FALSE,FALSE,"SLOCAN",1230
"BCWS","406",2009,2,28,-3.39,-6.64,1.89,-10.5,35.2,FALSE,FALSE,"SLOCAN",1230
"BCWS","406",2009,12,31,-8.91,-11.28,-6.15,-23.8,7.2,FALSE,FALSE,"SLOCAN",1230
"BCWS","406",2010,1,31,-2.64,-4.76,0.18,-14.9,80.8,FALSE,FALSE,"SLOCAN",1230
"BCWS","406",2010,2,28,-0.52,-2.97,3.18,-8.5,24.4,FALSE,FALSE,"SLOCAN",1230
"BCWS","406",2010,12,31,-8.67,-11.27,-5.1,-18.6,10.8,FALSE,FALSE,"SLOCAN",1230
"BCWS","406",2011,1,31,-5.12,-7.62,-1.7,-18.3,140.6,FALSE,FALSE,"SLOCAN",1230
"BCWS","406",2011,2,28,-6.63,-9.15,-2.96,-19.6,52,FALSE,FALSE,"SLOCAN",1230
"BCWS","406",2011,12,31,-4.72,-6.78,-1.64,-15.6,66.8,FALSE,FALSE,"SLOCAN",1230
"BCWS","406",2012,1,31,-5.57,-8.14,-2.55,-17.1,42.2,FALSE,FALSE,"SLOCAN",1230
"BCWS","406",2012,2,29,-2.8,-5.07,0.98,-10.8,98.8,FALSE,FALSE,"SLOCAN",1230
"BCWS","406",2012,12,31,-4.66,-6.88,-1.13,-10.9,74.4,FALSE,FALSE,"SLOCAN",1230
"BCWS","406",2013,1,31,-5.66,-7.71,-2.27,-14,38.2,FALSE,FALSE,"SLOCAN",1230
"BCWS","406",2013,2,28,-2.13,-4.96,2.66,-8.9,84.6,FALSE,FALSE,"SLOCAN",1230
"BCWS","406",2013,12,31,-4.17,-5.67,-1.9,-11.1,28.2,FALSE,FALSE,"SLOCAN",1230
"BCWS","406",2014,1,31,-3.94,-6.16,-0.12,-13.7,34.6,FALSE,FALSE,"SLOCAN",1230
"BCWS","406",2014,2,28,-6.54,-9.82,-0.93,-22.3,59,FALSE,FALSE,"SLOCAN",1230
"BCWS","406",2014,12,31,-6.81,-8.97,-3.62,-21.1,29.4,FALSE,FALSE,"SLOCAN",1230
"BCWS","406",2015,1,31,-3.55,-5.55,-0.58,-14.7,41.2,FALSE,FALSE,"SLOCAN",1230
"BCWS","406",2015,2,28,0.11,-2.69,4.21,-9.1,97.4,FALSE,FALSE,"SLOCAN",1230
"BCWS","406",2015,12,31,-4.2,-6.29,-1.55,-18.6,58.4,FALSE,FALSE,"SLOCAN",1230
"BCWS","406",2016,12,31,-4.6,-6.19,-2.3,-12.8,57.8,FALSE,FALSE,"SLOCAN",1230
"BCWS","404",1999,1,31,-1.51,-3.52,0.97,-10.9,102,FALSE,FALSE,"SMALLWOOD",997
"BCWS","404",1999,2,28,-1.06,-3.52,2.11,-7.4,97.5,FALSE,FALSE,"SMALLWOOD",997
"BCWS","404",1999,12,31,-4.19,-6.16,-1.93,-20,167.9,FALSE,FALSE,"SMALLWOOD",997
"BCWS","404",2000,1,31,-3.87,-5.98,-0.98,-11.1,38.7,FALSE,FALSE,"SMALLWOOD",997
"BCWS","404",2000,2,29,-1.11,-3.86,2.61,-8.5,70.5,FALSE,FALSE,"SMALLWOOD",997
"BCWS","404",2000,12,31,-2.34,-4.03,-0.44,-8.5,77.1,FALSE,FALSE,"SMALLWOOD",997
"BCWS","404",2001,1,31,-3.34,-5.12,-0.86,-9.5,28.3,FALSE,FALSE,"SMALLWOOD",997
"BCWS","404",2001,2,28,-3.2,-6.39,1.03,-14.1,33.7,FALSE,FALSE,"SMALLWOOD",997
"BCWS","404",2001,12,31,-5.2,-7.28,-2.72,-17.4,24.1,FALSE,FALSE,"SMALLWOOD",997
"BCWS","404",2002,1,31,-3.3,-5.45,-0.76,-11.7,90.3,FALSE,FALSE,"SMALLWOOD",997
"BCWS","404",2002,2,28,-1.83,-4.85,1.86,-12.8,88.8,FALSE,FALSE,"SMALLWOOD",997
"BCWS","404",2002,12,31,-3.9,-5.7,-2,-9.2,81.4,FALSE,FALSE,"SMALLWOOD",997
"BCWS","404",2003,1,31,-1.95,-3.46,-0.1,-8.1,120.4,FALSE,FALSE,"SMALLWOOD",997
"BCWS","404",2003,2,28,-1.52,-4.58,2.76,-11.5,40.2,FALSE,FALSE,"SMALLWOOD",997
"BCWS","404",2003,12,31,-1.53,-2.76,0.11,-6.8,97.5,FALSE,FALSE,"SMALLWOOD",997
"BCWS","404",2004,1,31,-4.13,-5.99,-1.57,-22.6,83.1,FALSE,FALSE,"SMALLWOOD",997
"BCWS","404",2004,2,29,-1.16,-3.87,3.49,-9,37.8,FALSE,FALSE,"SMALLWOOD",997
"BCWS","404",2004,12,31,-3.56,-5.58,-0.82,-13,52.3,FALSE,FALSE,"SMALLWOOD",997
"BCWS","404",2005,1,31,-4.3,-6.29,-1.77,-21.2,61.3,FALSE,FALSE,"SMALLWOOD",997
"BCWS","404",2005,2,28,-0.96,-4.86,4.51,-10.6,10.4,FALSE,FALSE,"SMALLWOOD",997
"BCWS","404",2005,12,31,-1.72,-3.37,0.25,-8.6,68.5,FALSE,FALSE,"SMALLWOOD",997
"BCWS","404",2006,1,31,-0.56,-1.86,1.23,-6,168.1,FALSE,FALSE,"SMALLWOOD",997
"BCWS","404",2006,2,28,-3.02,-6.53,1.49,-17.7,62.7,FALSE,FALSE,"SMALLWOOD",997
"BCWS","404",2006,12,31,-4.45,-6.16,-1.75,-13.4,83.5,FALSE,FALSE,"SMALLWOOD",997
"BCWS","404",2007,1,31,-5.5,-7.9,-2.36,-17,65.6,FALSE,FALSE,"SMALLWOOD",997
"BCWS","404",2007,2,28,-1.04,-3.02,2.17,-10.5,57.4,FALSE,FALSE,"SMALLWOOD",997
"BCWS","404",2007,12,31,-3.34,-5.28,-0.74,-10.1,71.6,FALSE,FALSE,"SMALLWOOD",997
"BCWS","404",2008,1,31,-5.23,-7.68,-2.16,-15.2,40.4,FALSE,FALSE,"SMALLWOOD",997
"BCWS","404",2008,2,29,-1.21,-4.03,2.88,-10.5,57.2,FALSE,FALSE,"SMALLWOOD",997
"BCWS","404",2008,12,31,-4.11,-6.01,-1.5,-11.5,65.6,FALSE,FALSE,"SMALLWOOD",997
"BCWS","404",2009,1,31,-4.59,-6.76,-1.78,-17.1,63.6,FALSE,FALSE,"SMALLWOOD",997
"BCWS","404",2009,2,28,-1.79,-4.85,2.82,-7.9,33.2,FALSE,FALSE,"SMALLWOOD",997
"BCWS","404",2009,12,31,-6.93,-9.4,-3.93,-20.4,11.6,FALSE,FALSE,"SMALLWOOD",997
"BCWS","404",2010,1,31,-1.31,-2.99,1.36,-10.5,108,FALSE,FALSE,"SMALLWOOD",997
"BCWS","404",2010,2,28,0.88,-1.37,4.9,-6.1,36.4,FALSE,FALSE,"SMALLWOOD",997
"BCWS","404",2010,12,31,-6.63,-8.87,-3.87,-18.6,52.4,FALSE,FALSE,"SMALLWOOD",997
"BCWS","404",2011,1,31,-3.49,-5.74,-0.28,-14.4,101.4,FALSE,FALSE,"SMALLWOOD",997
"BCWS","404",2011,2,28,-4.6,-8.09,-0.11,-19.6,39,FALSE,FALSE,"SMALLWOOD",997
"BCWS","404",2011,12,31,-2.95,-4.79,-0.15,-12.2,95,FALSE,FALSE,"SMALLWOOD",997
"BCWS","404",2012,1,31,-3.76,-6.43,-0.18,-14,65.4,FALSE,FALSE,"SMALLWOOD",997
"BCWS","404",2012,2,29,-1.94,-4.89,2.75,-13.5,62.2,FALSE,FALSE,"SMALLWOOD",997
"BCWS","404",2012,12,31,-3.05,-5.62,0.92,-10,58,FALSE,FALSE,"SMALLWOOD",997
"BCWS","404",2013,1,31,-4.28,-6.39,-0.96,-12.7,44.6,FALSE,FALSE,"SMALLWOOD",997
"BCWS","404",2013,2,28,-0.5,-3.18,4.05,-6.6,44,FALSE,FALSE,"SMALLWOOD",997
"BCWS","404",2013,12,31,-2.3,-3.85,-0.2,-9.9,35.2,FALSE,FALSE,"SMALLWOOD",997
"BCWS","404",2014,1,31,-2.58,-4.54,0.59,-11.1,65.6,FALSE,FALSE,"SMALLWOOD",997
"BCWS","404",2014,2,28,-5.27,-9.09,0.27,-18.6,55.2,FALSE,FALSE,"SMALLWOOD",997
"BCWS","404",2014,12,31,-5.27,-7.37,-1.98,-19.7,33,FALSE,FALSE,"SMALLWOOD",997
"BCWS","404",2015,1,31,-2.34,-4.3,0.61,-13.5,48,FALSE,FALSE,"SMALLWOOD",997
"BCWS","404",2015,2,28,1.31,-1.21,5.52,-5.5,84,FALSE,FALSE,"SMALLWOOD",997
"BCWS","404",2015,12,31,-2.71,-4.6,0.3,-16.4,82.2,FALSE,FALSE,"SMALLWOOD",997
"BCWS","404",2016,12,31,-2.92,-4.5,-0.75,-10.4,109.2,FALSE,FALSE,"SMALLWOOD",997
"ECCC","1141455",1999,1,31,0.37,-2,2.72,-11.4,72.2,FALSE,FALSE,"CASTLEGAR A",495.6
"ECCC","1141455",1999,2,28,1.19,-1.94,4.3,-7.1,103.6,FALSE,FALSE,"CASTLEGAR A",495.6
"ECCC","1141455",1999,12,31,-1.79,-4.1,0.55,-20.8,180.2,FALSE,FALSE,"CASTLEGAR A",495.6
"ECCC","1141455",2000,1,31,-1.94,-4.18,0.33,-11.6,84.5,FALSE,FALSE,"CASTLEGAR A",495.6
"ECCC","1141455",2000,2,28,0.45,-2.51,3.38,-10,65.6,FALSE,FALSE,"CASTLEGAR A",495.6
"ECCC","1141455",2000,12,31,-0.05,-1.74,1.64,-5.1,89.3,FALSE,FALSE,"CASTLEGAR A",495.6
"ECCC","1141455",2001,1,30,-0.92,-2.66,0.84,-6.1,16.9,FALSE,FALSE,"CASTLEGAR A",495.6
"ECCC","1141455",2001,2,28,-0.85,-4.33,2.65,-12.4,16.8,FALSE,FALSE,"CASTLEGAR A",495.6
"ECCC","1141455",2001,12,31,-3.05,-5.24,-0.83,-13.3,41.2,FALSE,FALSE,"CASTLEGAR A",495.6
"ECCC","1141455",2002,1,31,-1.16,-3.43,1.13,-10,55.5,FALSE,FALSE,"CASTLEGAR A",495.6
"ECCC","1141455",2002,2,28,-0.23,-3.96,3.51,-11.8,53.1,FALSE,FALSE,"CASTLEGAR A",495.6
"ECCC","1141455",2002,12,31,-1.42,-3.56,0.72,-10.3,116.6,FALSE,FALSE,"CASTLEGAR A",495.6
"ECCC","1141455",2003,1,31,0.24,-1.2,1.66,-4.3,109.2,FALSE,FALSE,"CASTLEGAR A",495.6
"ECCC","1141455",2003,2,28,0.45,-3.63,4.53,-11.2,28.2,FALSE,FALSE,"CASTLEGAR A",495.6
"ECCC","1141455",2003,12,31,1.2,-0.31,2.69,-7.4,138.4,FALSE,FALSE,"CASTLEGAR A",495.6
"ECCC","1141455",2004,1,31,-2.22,-4.14,-0.3,-20.7,82.8,FALSE,FALSE,"CASTLEGAR A",495.6
"ECCC","1141455",2004,2,28,0.22,-3.08,3.52,-8,39.5,FALSE,FALSE,"CASTLEGAR A",495.6
"ECCC","1141455",2004,12,31,-1.57,-3.58,0.47,-13.2,85.9,FALSE,FALSE,"CASTLEGAR A",495.6
"ECCC","1141455",2005,1,31,-2.88,-4.71,-1.04,-18,56.9,FALSE,FALSE,"CASTLEGAR A",495.6
"ECCC","1141455",2005,2,28,-0.25,-5.41,4.93,-10.9,8.4,FALSE,FALSE,"CASTLEGAR A",495.6
"ECCC","1141455",2005,12,31,0.38,-1.15,1.91,-7.4,104.8,FALSE,FALSE,"CASTLEGAR A",495.6
"ECCC","1141455",2006,1,31,1.38,-0.35,3.08,-5.4,168.3,FALSE,FALSE,"CASTLEGAR A",495.6
"ECCC","1141455",2006,2,28,-1.12,-5.24,2.99,-16.9,64.8,FALSE,FALSE,"CASTLEGAR A",495.6
"ECCC","1141455",2006,12,31,-3.21,-5.52,-0.91,-15.5,84.5,FALSE,FALSE,"CASTLEGAR A",495.6
"ECCC","1141455",2007,1,31,-3.75,-6.4,-1.06,-17.3,57.9,FALSE,FALSE,"CASTLEGAR A",495.6
"ECCC","1141455",2007,2,28,0.78,-1.68,3.21,-12.2,57.8,FALSE,FALSE,"CASTLEGAR A",495.6
"ECCC","1141455",2007,12,31,-2.2,-4.85,0.46,-14.2,97,FALSE,FALSE,"CASTLEGAR A",495.6
"ECCC","1141455",2008,1,31,-3.97,-6.83,-1.09,-17.1,92.6,FALSE,FALSE,"CASTLEGAR A",495.6
"ECCC","1141455",2008,2,28,0.45,-2.85,3.73,-7.8,27.1,FALSE,FALSE,"CASTLEGAR A",495.6
"ECCC","1141455",2008,12,31,-1.77,-3.88,0.34,-10.7,111.9,FALSE,FALSE,"CASTLEGAR A",495.6
"ECCC","1141455",2009,1,31,-2.5,-4.85,-0.13,-19.4,54.2,FALSE,FALSE,"CASTLEGAR A",495.6
"ECCC","1141455",2009,2,28,-0.66,-4.16,2.84,-9.7,33,FALSE,FALSE,"CASTLEGAR A",495.6
"ECCC","1141455",2009,12,31,-4.99,-7.42,-2.53,-21.5,96.8,FALSE,FALSE,"CASTLEGAR A",495.6
"ECCC","1141455",2010,1,31,0.55,-0.98,2.05,-10.5,68,FALSE,FALSE,"CASTLEGAR A",495.6
"ECCC","1141455",2010,2,28,3.38,-0.13,6.81,-6.2,33.3,FALSE,FALSE,"CASTLEGAR A",495.6
"ECCC","1141455",2010,12,31,-4.4,-6.77,-1.99,-16.3,73.1,FALSE,FALSE,"CASTLEGAR A",495.6
"ECCC","1141455",2011,1,31,-2.42,-4.93,0.08,-19.5,73,FALSE,FALSE,"CASTLEGAR A",495.6
"ECCC","1141455",2011,2,28,-2.51,-6.5,1.51,-19.7,36.8,FALSE,FALSE,"CASTLEGAR A",495.6
"ECCC","1141455",2011,12,31,-1.4,-3.6,0.8,-15.3,80.4,FALSE,FALSE,"CASTLEGAR A",495.6
"ECCC","1141455",2012,1,28,-2.96,-5.83,-0.05,-13.4,49.4,FALSE,FALSE,"CASTLEGAR A",495.6
"ECCC","1141455",2012,2,22,0,-2.91,2.91,-11.3,37.4,FALSE,FALSE,"CASTLEGAR A",495.6
"ECCC","1141455",2012,12,31,-1.88,-4.84,1.09,-12.3,42.7,FALSE,FALSE,"CASTLEGAR A",495.6
"ECCC","1141455",2013,1,31,-2.59,-5.03,-0.13,-12.9,38.2,FALSE,FALSE,"CASTLEGAR A",495.6
"ECCC","1141455",2013,2,28,1.35,-1.96,4.63,-7.2,25.7,FALSE,FALSE,"CASTLEGAR A",495.6
"ECCC","1141455",2013,12,31,0.05,-1.78,1.89,-8.8,110.4,FALSE,FALSE,"CASTLEGAR A",495.6
"ECCC","1141455",2014,1,31,-0.02,-2.35,2.31,-12.6,42.5,FALSE,FALSE,"CASTLEGAR A",495.6
"ECCC","1141455",2014,2,28,-3.86,-7.96,0.26,-21.5,47.2,FALSE,FALSE,"CASTLEGAR A",495.6
"ECCC","1141455",2014,12,31,-3.46,-5.29,-1.61,-17.7,42.4,FALSE,FALSE,"CASTLEGAR A",495.6
"ECCC","1141455",2015,1,31,-0.53,-2.61,1.54,-12.4,57.4,FALSE,FALSE,"CASTLEGAR A",495.6
"ECCC","1141455",2015,2,28,3.01,-1.09,7.06,-7.3,62.9,FALSE,FALSE,"CASTLEGAR A",495.6
"ECCC","1141455",2015,12,31,-0.77,-2.75,1.2,-14.1,95.3,FALSE,FALSE,"CASTLEGAR A",495.6
"ECCC","1141457",1999,1,31,0.8,-1.15,2.73,-7.5,59.4,FALSE,FALSE,"CASTLEGAR BCHPA DAM",435
"ECCC","1141457",1999,2,28,1.84,-1.04,4.68,-5,73.6,FALSE,FALSE,"CASTLEGAR BCHPA DAM",435
"ECCC","1141457",1999,12,29,-0.46,-2.72,1.45,-16,73.6,FALSE,FALSE,"CASTLEGAR BCHPA DAM",435
"ECCC","1141457",2004,1,31,-1.48,-3.45,0.48,-17,61.5,FALSE,FALSE,"CASTLEGAR BCHPA DAM",435
"ECCC","1141457",2004,12,31,-0.44,-2.29,1.42,-9.5,51.1,FALSE,FALSE,"CASTLEGAR BCHPA DAM",435
"ECCC","1141457",2005,1,31,-1.84,-3.55,-0.11,-14,82.4,FALSE,FALSE,"CASTLEGAR BCHPA DAM",435
"ECCC","1141457",2005,2,28,0.75,-3.05,4.55,-6.5,6.4,FALSE,FALSE,"CASTLEGAR BCHPA DAM",435
"ECCC","1141457",2005,12,31,1.11,-0.42,2.61,-3.5,130,FALSE,FALSE,"CASTLEGAR BCHPA DAM",435
"ECCC","1141457",2006,1,31,2.27,0.4,4.08,-2,100.3,FALSE,FALSE,"CASTLEGAR BCHPA DAM",435
"ECCC","1141457",2006,2,28,0.16,-3.16,3.48,-10.5,68.2,FALSE,FALSE,"CASTLEGAR BCHPA DAM",435
"ECCC","1141457",2006,12,31,-1.8,-3.84,0.27,-11,51.8,FALSE,FALSE,"CASTLEGAR BCHPA DAM",435
"ECCC","1141457",2007,1,30,-2.47,-4.27,-0.57,-13,54.3,FALSE,FALSE,"CASTLEGAR BCHPA DAM",435
"ECCC","1141457",2007,2,25,1.21,-1,3.48,-8,31,FALSE,FALSE,"CASTLEGAR BCHPA DAM",435
"ECCC","1141457",2007,12,30,-0.98,-2.75,0.9,-9.5,60.9,FALSE,FALSE,"CASTLEGAR BCHPA DAM",435
"ECCC","1141457",2008,1,31,-2.22,-4.69,0.26,-11,75.8,FALSE,FALSE,"CASTLEGAR BCHPA DAM",435
"ECCC","1141457",2008,2,28,1.58,-1.04,4.16,-5.5,25.5,FALSE,FALSE,"CASTLEGAR BCHPA DAM",435
"ECCC","1141457",2008,12,30,-0.82,-2.53,1.05,-6.5,50.5,FALSE,FALSE,"CASTLEGAR BCHPA DAM",435
"ECCC","1141457",2009,1,30,-1.59,-3.66,0.49,-12.5,60,FALSE,FALSE,"CASTLEGAR BCHPA DAM",435
"ECCC","1141457",2009,2,28,0.03,-2.86,2.93,-5.5,18.6,FALSE,FALSE,"CASTLEGAR BCHPA DAM",435
"ECCC","1141457",2009,12,31,-3.68,-6.1,-1.24,-16,116.5,FALSE,FALSE,"CASTLEGAR BCHPA DAM",435
"ECCC","1141457",2010,1,31,1.8,-0.12,3.67,-6.3,43.6,FALSE,FALSE,"CASTLEGAR BCHPA DAM",435
"ECCC","1141457",2010,2,27,4.04,1.24,6.83,-2.8,22.8,FALSE,FALSE,"CASTLEGAR BCHPA DAM",435
"ECCC","1141457",2010,12,31,-2.95,-5.15,-0.74,-12,47.2,FALSE,FALSE,"CASTLEGAR BCHPA DAM",435
"ECCC","1141457",2011,1,30,-1.15,-3.3,1.07,-11,67,FALSE,FALSE,"CASTLEGAR BCHPA DAM",435
"ECCC","1141457",2011,2,28,-0.98,-4.3,2.34,-14,32.4,FALSE,FALSE,"CASTLEGAR BCHPA DAM",435
"ECCC","1141457",2011,12,30,0.71,-1.33,2.67,-5.5,59.6,FALSE,FALSE,"CASTLEGAR BCHPA DAM",435
"ECCC","1141457",2012,1,30,-1.19,-3.67,1.45,-10,45.2,FALSE,FALSE,"CASTLEGAR BCHPA DAM",435
"ECCC","1141457",2012,2,26,0.86,-1.56,3.17,-8,32.8,FALSE,FALSE,"CASTLEGAR BCHPA DAM",435
"ECCC","1141457",2012,12,31,-0.26,-2.61,2.1,-7,35,FALSE,FALSE,"CASTLEGAR BCHPA DAM",435
"ECCC","1141457",2013,1,30,-1.11,-3.47,1.28,-8,43.8,FALSE,FALSE,"CASTLEGAR BCHPA DAM",435
"ECCC","1141457",2013,2,27,2.27,-0.76,5.25,-3,18.8,FALSE,FALSE,"CASTLEGAR BCHPA DAM",435
"ECCC","1141457",2013,12,30,1.19,-0.68,2.95,-5.5,94.4,FALSE,FALSE,"CASTLEGAR BCHPA DAM",435
"ECCC","1141457",2014,1,29,-0.37,-2.93,2.28,-10,27.2,FALSE,FALSE,"CASTLEGAR BCHPA DAM",435
"ECCC","1141457",2014,2,28,-2.99,-7.43,1.45,-15,26.2,FALSE,FALSE,"CASTLEGAR BCHPA DAM",435
"ECCC","1141457",2014,12,31,-2.66,-5.18,-0.13,-14,41.7,FALSE,FALSE,"CASTLEGAR BCHPA DAM",435
"ECCC","1141457",2015,1,29,0.75,-1.33,2.66,-8.5,52,FALSE,FALSE,"CASTLEGAR BCHPA DAM",435
"ECCC","1141457",2015,2,28,3.98,0.66,7.25,-3,30.6,FALSE,FALSE,"CASTLEGAR BCHPA DAM",435
"ECCC","1141457",2015,12,31,0.54,-1.47,2.52,-11,65,FALSE,FALSE,"CASTLEGAR BCHPA DAM",435
"ECCC","1141463",1999,2,28,1.76,-1.36,4.84,-5,111.9,FALSE,FALSE,"CASTLEGAR ROBSON PUMPHOUSE",435
"ECCC","1141463",2000,1,31,-1.44,-3.63,0.77,-10,79.1,FALSE,FALSE,"CASTLEGAR ROBSON PUMPHOUSE",435
"ECCC","1141463",2000,2,28,1.13,-1.75,3.98,-7.5,62,FALSE,FALSE,"CASTLEGAR ROBSON PUMPHOUSE",435
"ECCC","1141463",2000,12,31,0.92,-0.85,2.68,-3.5,99.3,FALSE,FALSE,"CASTLEGAR ROBSON PUMPHOUSE",435
"ECCC","1141463",2001,1,31,-0.13,-1.89,1.63,-4.5,34.9,FALSE,FALSE,"CASTLEGAR ROBSON PUMPHOUSE",435
"ECCC","1141463",2001,2,28,-0.04,-3.52,3.45,-9.5,15.8,FALSE,FALSE,"CASTLEGAR ROBSON PUMPHOUSE",435
"ECCC","1141463",2001,12,31,-1.89,-3.9,0.13,-12.5,60.4,FALSE,FALSE,"CASTLEGAR ROBSON PUMPHOUSE",435
"ECCC","1141463",2002,1,31,-0.7,-3,1.6,-7.5,64.8,FALSE,FALSE,"CASTLEGAR ROBSON PUMPHOUSE",435
"ECCC","1141463",2002,2,28,0.49,-2.84,3.8,-9.5,50.9,FALSE,FALSE,"CASTLEGAR ROBSON PUMPHOUSE",435
"ECCC","1141463",2002,12,31,-0.76,-2.5,1,-6.5,99.7,FALSE,FALSE,"CASTLEGAR ROBSON PUMPHOUSE",435
"ECCC","1141463",2003,1,31,0.85,-0.65,2.32,-3,81.6,FALSE,FALSE,"CASTLEGAR ROBSON PUMPHOUSE",435
"ECCC","1141463",2003,2,28,1.15,-2.59,4.89,-9,34.7,FALSE,FALSE,"CASTLEGAR ROBSON PUMPHOUSE",435
"ECCC","1141463",2003,12,31,1.79,0.42,3.13,-4,151.7,FALSE,FALSE,"CASTLEGAR ROBSON PUMPHOUSE",435
"ECCC","1142160",1999,1,31,0.42,-2.1,2.94,-10,82.6,FALSE,FALSE,"CRESTON",610.4
"ECCC","1142160",1999,2,28,1.36,-1.57,4.29,-6,122.2,FALSE,FALSE,"CRESTON",610.4
"ECCC","1142160",1999,12,31,-1.75,-4.42,0.94,-18,125.8,FALSE,FALSE,"CRESTON",610.4
"ECCC","1142160",2000,1,31,-1.31,-3.81,1.19,-10,102.5,FALSE,FALSE,"CRESTON",610.4
"ECCC","1142160",2000,2,28,0.5,-2.64,3.64,-8,56,FALSE,FALSE,"CRESTON",610.4
"ECCC","1142160",2000,12,31,0.48,-1.71,2.68,-6,66.4,FALSE,FALSE,"CRESTON",610.4
"ECCC","1142160",2001,1,31,-0.82,-3.06,1.42,-8,29,FALSE,FALSE,"CRESTON",610.4
"ECCC","1142160",2001,2,28,-1.12,-4.75,2.5,-12,23,FALSE,FALSE,"CRESTON",610.4
"ECCC","1142160",2001,12,31,-3.1,-5.23,-0.97,-14,43,FALSE,FALSE,"CRESTON",610.4
"ECCC","1142160",2002,1,31,-0.68,-3.39,2.03,-10,74.3,FALSE,FALSE,"CRESTON",610.4
"ECCC","1142160",2002,2,28,0.43,-3.32,4.18,-11,56,FALSE,FALSE,"CRESTON",610.4
"ECCC","1142160",2002,12,31,-1.58,-4,0.84,-12,103.7,FALSE,FALSE,"CRESTON",610.4
"ECCC","1142160",2003,1,31,0.41,-1.85,2.66,-10,65.4,FALSE,FALSE,"CRESTON",610.4
"ECCC","1142160",2003,2,28,0.73,-3.32,4.79,-12,21,FALSE,FALSE,"CRESTON",610.4
"ECCC","1142160",2003,12,31,1.3,-0.69,3.29,-5,131.9,FALSE,FALSE,"CRESTON",610.4
"ECCC","1142160",2004,1,31,-1.99,-4.5,0.5,-24,78.6,FALSE,FALSE,"CRESTON",610.4
"ECCC","1142160",2004,2,28,1.05,-2.48,4.57,-7,26.6,FALSE,FALSE,"CRESTON",610.4
"ECCC","1142160",2004,12,31,-1.9,-4.74,0.95,-11,81.1,FALSE,FALSE,"CRESTON",610.4
"ECCC","1142160",2005,1,31,-2.85,-5.34,-0.35,-17,46.6,FALSE,FALSE,"CRESTON",610.4
"ECCC","1142160",2005,2,28,1.06,-4.46,6.59,-9,7,FALSE,FALSE,"CRESTON",610.4
"ECCC","1142160",2005,12,31,0.97,-1.19,3.11,-6,58.8,FALSE,FALSE,"CRESTON",610.4
"ECCC","1142160",2006,1,31,1.81,-0.21,3.77,-4,140.2,FALSE,FALSE,"CRESTON",610.4
"ECCC","1142160",2006,2,28,-0.14,-4.36,4.07,-17.5,55.2,FALSE,FALSE,"CRESTON",610.4
"ECCC","1142160",2006,12,31,-3.28,-5.87,-0.69,-15,62.6,FALSE,FALSE,"CRESTON",610.4
"ECCC","1142160",2007,1,31,-3.07,-5.6,-0.55,-15,55.6,FALSE,FALSE,"CRESTON",610.4
"ECCC","1142160",2007,2,28,1.32,-1.57,4.18,-8,64.2,FALSE,FALSE,"CRESTON",610.4
"ECCC","1142160",2007,12,31,-1.56,-4.24,1.13,-11,63.9,FALSE,FALSE,"CRESTON",610.4
"ECCC","1142160",2008,1,31,-3.77,-6.74,-0.79,-17,122.6,FALSE,FALSE,"CRESTON",610.4
"ECCC","1142160",2008,2,28,0.64,-2.82,4.09,-7,34.8,FALSE,FALSE,"CRESTON",610.4
"ECCC","1142160",2008,12,31,-1.55,-4.45,1.37,-10,138.6,FALSE,FALSE,"CRESTON",610.4
"ECCC","1142160",2009,1,30,-2.87,-6.2,0.45,-15,54.3,FALSE,FALSE,"CRESTON",610.4
"ECCC","1142160",2009,2,28,-0.7,-4.14,2.77,-7.5,32.7,FALSE,FALSE,"CRESTON",610.4
"ECCC","1142160",2009,12,31,-4.59,-7.71,-1.45,-20,110.4,FALSE,FALSE,"CRESTON",610.4
"ECCC","1142160",2010,1,31,0.02,-2.58,2.61,-13,63.6,FALSE,FALSE,"CRESTON",610.4
"ECCC","1142160",2010,2,27,2.96,-0.85,6.76,-6,20.4,FALSE,FALSE,"CRESTON",610.4
"ECCC","1142160",2010,12,31,-4.11,-6.85,-1.35,-17,57.8,FALSE,FALSE,"CRESTON",610.4
"ECCC","1142160",2011,1,30,-1.37,-3.9,1.17,-15,88.8,FALSE,FALSE,"CRESTON",610.4
"ECCC","1142160",2011,2,28,-2.75,-5.93,0.43,-19,72.7,FALSE,FALSE,"CRESTON",610.4
"ECCC","1142160",2011,12,30,-1.62,-4.07,0.82,-12,70.4,FALSE,FALSE,"CRESTON",610.4
"ECCC","1142160",2012,1,31,-0.78,-4.06,2.52,-10,65.4,FALSE,FALSE,"CRESTON",610.4
"ECCC","1142160",2012,2,28,0.5,-2.75,3.75,-10,34.8,FALSE,FALSE,"CRESTON",610.4
"ECCC","1142160",2012,12,31,-0.57,-3.48,2.34,-10,45.8,FALSE,FALSE,"CRESTON",610.4
"ECCC","1142160",2013,1,31,-1.76,-4.21,0.69,-9,52,FALSE,FALSE,"CRESTON",610.4
"ECCC","1142160",2013,2,28,2.08,-1.25,5.39,-4,11,FALSE,FALSE,"CRESTON",610.4
"ECCC","1142160",2013,12,31,0.31,-1.5,2.1,-6,132.8,FALSE,FALSE,"CRESTON",610.4
"ECCC","1142160",2014,1,31,0.09,-2.27,2.47,-8,62,FALSE,FALSE,"CRESTON",610.4
"ECCC","1142160",2014,2,27,-3.03,-7,0.93,-20,71.6,FALSE,FALSE,"CRESTON",610.4
"ECCC","1142160",2014,12,31,-3.13,-5.68,-0.58,-19,29.8,FALSE,FALSE,"CRESTON",610.4
"ECCC","1142160",2015,1,31,-0.85,-3.05,1.33,-11,81.8,FALSE,FALSE,"CRESTON",610.4
"ECCC","1142160",2015,2,28,3.36,-0.57,7.29,-6,76.2,FALSE,FALSE,"CRESTON",610.4
"ECCC","1142160",2015,12,31,-0.31,-2.52,1.89,-14,81.2,FALSE,FALSE,"CRESTON",610.4
"ECCC","114B1F0",1999,1,31,0.37,-1.97,2.68,-10.8,0,FALSE,FALSE,"CRESTON CAMPBELL SCIENTIFIC",640.7
"ECCC","114B1F0",1999,2,28,1.34,-1.35,4,-5.5,72.2,FALSE,FALSE,"CRESTON CAMPBELL SCIENTIFIC",640.7
"ECCC","114B1F0",1999,12,31,-2.27,-4.84,0.29,-18.8,93.2,FALSE,FALSE,"CRESTON CAMPBELL SCIENTIFIC",640.7
"ECCC","114B1F0",2000,1,31,-1.5,-4.37,1.39,-9.1,0,FALSE,FALSE,"CRESTON CAMPBELL SCIENTIFIC",640.7
"ECCC","114B1F0",2000,2,28,0.63,-2.72,3.96,-7.5,43.6,FALSE,FALSE,"CRESTON CAMPBELL SCIENTIFIC",640.7
"ECCC","114B1F0",2000,12,31,0.08,-1.97,2.13,-5.6,50.2,FALSE,FALSE,"CRESTON CAMPBELL SCIENTIFIC",640.7
"ECCC","114B1F0",2001,1,31,-1.11,-3.55,1.36,-6.5,20.8,FALSE,FALSE,"CRESTON CAMPBELL SCIENTIFIC",640.7
"ECCC","114B1F0",2001,2,28,-1.52,-4.95,1.92,-11.4,10.6,FALSE,FALSE,"CRESTON CAMPBELL SCIENTIFIC",640.7
"ECCC","114B1F0",2001,12,31,-3.66,-5.86,-1.43,-13.2,0,FALSE,FALSE,"CRESTON CAMPBELL SCIENTIFIC",640.7
"ECCC","114B1F0",2002,1,31,-1.22,-3.9,1.48,-9.4,11.4,FALSE,FALSE,"CRESTON CAMPBELL SCIENTIFIC",640.7
"ECCC","114B1F0",2002,2,28,0,-3.56,3.52,-12.1,0,FALSE,FALSE,"CRESTON CAMPBELL SCIENTIFIC",640.7
"ECCC","114B1F0",2002,12,31,-1.9,-4.45,0.68,-10.8,74.4,FALSE,FALSE,"CRESTON CAMPBELL SCIENTIFIC",640.7
"ECCC","114B1F0",2003,1,31,0.05,-2.27,2.38,-9.7,57,FALSE,FALSE,"CRESTON CAMPBELL SCIENTIFIC",640.7
"ECCC","114B1F0",2003,2,28,0.38,-3.09,3.84,-11.7,12.8,FALSE,FALSE,"CRESTON CAMPBELL SCIENTIFIC",640.7
"ECCC","114B1F0",2003,12,31,0.74,-1.17,2.64,-5.1,83.6,FALSE,FALSE,"CRESTON CAMPBELL SCIENTIFIC",640.7
"ECCC","114B1F0",2004,1,31,-2.42,-4.8,-0.05,-23.7,39.4,FALSE,FALSE,"CRESTON CAMPBELL SCIENTIFIC",640.7
"ECCC","114B1F0",2004,2,28,0.67,-2.22,3.57,-6.9,18.8,FALSE,FALSE,"CRESTON CAMPBELL SCIENTIFIC",640.7
"ECCC","114B1F0",2004,12,31,-2.01,-4.55,0.55,-11.4,56.2,FALSE,FALSE,"CRESTON CAMPBELL SCIENTIFIC",640.7
"ECCC","114B1F0",2005,1,31,-3.19,-5.6,-0.76,-17.6,32.5,FALSE,FALSE,"CRESTON CAMPBELL SCIENTIFIC",640.7
"ECCC","114B1F0",2005,2,28,0.82,-3.81,5.44,-8.2,5.4,FALSE,FALSE,"CRESTON CAMPBELL SCIENTIFIC",640.7
"ECCC","114B1F0",2005,12,31,0.46,-1.51,2.42,-6.3,53.4,FALSE,FALSE,"CRESTON CAMPBELL SCIENTIFIC",640.7
"ECCC","114B1F0",2006,1,31,1.58,-0.55,3.68,-3.5,0,FALSE,FALSE,"CRESTON CAMPBELL SCIENTIFIC",640.7
"ECCC","114B1F0",2006,2,28,-0.8,-4.59,2.99,-17.7,58,FALSE,FALSE,"CRESTON CAMPBELL SCIENTIFIC",640.7
"ECCC","114B1F0",2006,12,31,-3.74,-6.1,-1.36,-13.8,34.6,FALSE,FALSE,"CRESTON CAMPBELL SCIENTIFIC",640.7
"ECCC","114B1F0",2007,1,31,-3.6,-6.32,-0.86,-15,0,FALSE,FALSE,"CRESTON CAMPBELL SCIENTIFIC",640.7
"ECCC","114B1F0",2007,2,28,0.98,-1.89,3.85,-8.2,0,FALSE,FALSE,"CRESTON CAMPBELL SCIENTIFIC",640.7
"ECCC","114B1F0",2007,12,31,-1.9,-4.55,0.8,-10,0,FALSE,FALSE,"CRESTON CAMPBELL SCIENTIFIC",640.7
"ECCC","114B1F0",2008,1,31,-3.89,-6.75,-1.02,-15.4,0,FALSE,FALSE,"CRESTON CAMPBELL SCIENTIFIC",640.7
"ECCC","114B1F0",2008,2,28,0.47,-2.74,3.67,-7.8,19.4,FALSE,FALSE,"CRESTON CAMPBELL SCIENTIFIC",640.7
"ECCC","114B1F0",2008,12,31,-1.85,-4.47,0.76,-9.8,84.6,FALSE,FALSE,"CRESTON CAMPBELL SCIENTIFIC",640.7
"ECCC","114B1F0",2009,1,31,-2.99,-6.04,0.08,-14.5,0,FALSE,FALSE,"CRESTON CAMPBELL SCIENTIFIC",640.7
"ECCC","114B1F0",2009,2,28,-0.75,-4.04,2.53,-8,27.8,FALSE,FALSE,"CRESTON CAMPBELL SCIENTIFIC",640.7
"ECCC","114B1F0",2009,12,31,-5.29,-7.94,-2.62,-18.8,8,FALSE,FALSE,"CRESTON CAMPBELL SCIENTIFIC",640.7
"ECCC","114B1F0",2010,1,31,0.1,-1.87,2.05,-11.9,0,FALSE,FALSE,"CRESTON CAMPBELL SCIENTIFIC",640.7
"ECCC","114B1F0",2010,2,28,3.07,0.1,5.97,-4,0,FALSE,FALSE,"CRESTON CAMPBELL SCIENTIFIC",640.7
"ECCC","114B1F0",2010,12,31,-4.77,-7.21,-2.28,-16.9,4.4,FALSE,FALSE,"CRESTON CAMPBELL SCIENTIFIC",640.7
"ECCC","114B1F0",2011,1,29,-1.99,-4.9,0.85,-15.8,3.1,FALSE,FALSE,"CRESTON CAMPBELL SCIENTIFIC",640.7
"ECCC","114B1F0",2011,2,28,-2.9,-6.65,0.85,-20.3,27,FALSE,FALSE,"CRESTON CAMPBELL SCIENTIFIC",640.7
"ECCC","114B1F0",2011,12,31,-1.86,-4.25,0.52,-14.1,0,FALSE,FALSE,"CRESTON CAMPBELL SCIENTIFIC",640.7
"ECCC","114B1F0",2012,1,31,-1.21,-4.46,2.14,-10.6,37.9,FALSE,FALSE,"CRESTON CAMPBELL SCIENTIFIC",640.7
"ECCC","114B1F0",2012,2,28,0.31,-2.86,3.48,-10.7,20.4,FALSE,FALSE,"CRESTON CAMPBELL SCIENTIFIC",640.7
"ECCC","114B1F0",2012,12,31,-0.98,-3.83,1.87,-9.1,39,FALSE,FALSE,"CRESTON CAMPBELL SCIENTIFIC",640.7
"ECCC","114B1F0",2013,1,31,-1.77,-4.53,1,-9.4,22.9,FALSE,FALSE,"CRESTON CAMPBELL SCIENTIFIC",640.7
"ECCC","114B1F0",2013,2,28,1.87,-1.21,4.9,-4,6.7,FALSE,FALSE,"CRESTON CAMPBELL SCIENTIFIC",640.7
"ECCC","114B1F0",2013,12,31,0.2,-1.75,2.14,-6.1,89.7,FALSE,FALSE,"CRESTON CAMPBELL SCIENTIFIC",640.7
"ECCC","114B1F0",2014,1,31,-0.16,-2.53,2.21,-8.1,32.9,FALSE,FALSE,"CRESTON CAMPBELL SCIENTIFIC",640.7
"ECCC","114B1F0",2014,2,28,-3.63,-7.6,0.38,-19.6,42.3,FALSE,FALSE,"CRESTON CAMPBELL SCIENTIFIC",640.7
"ECCC","114B1F0",2014,12,31,-3.25,-5.83,-0.65,-18.7,26.6,FALSE,FALSE,"CRESTON CAMPBELL SCIENTIFIC",640.7
"ECCC","114B1F0",2015,1,31,-0.73,-3.16,1.69,-11.1,62.3,FALSE,FALSE,"CRESTON CAMPBELL SCIENTIFIC",640.7
"ECCC","114B1F0",2015,2,28,3.29,-0.24,6.79,-5.1,63.5,FALSE,FALSE,"CRESTON CAMPBELL SCIENTIFIC",640.7
"ECCC","114B1F0",2015,12,31,-0.58,-2.91,1.75,-13.9,46.9,FALSE,FALSE,"CRESTON CAMPBELL SCIENTIFIC",640.7
"ECCC","1142164",1999,1,31,0.26,-2.4,2.92,-9.5,65.8,FALSE,FALSE,"CRESTON WPCC",538
"ECCC","1142164",1999,2,28,1.43,-1.75,4.59,-8,86.4,FALSE,FALSE,"CRESTON WPCC",538
"ECCC","1142164",1999,12,31,-1.56,-4.23,1.1,-17.5,104.6,FALSE,FALSE,"CRESTON WPCC",538
"ECCC","1142164",2000,1,31,-2.43,-5.92,1.08,-15,77.3,FALSE,FALSE,"CRESTON WPCC",538
"ECCC","1142164",2000,2,28,-0.76,-4.88,3.38,-15,46.8,FALSE,FALSE,"CRESTON WPCC",538
"ECCC","1142164",2000,12,31,0.46,-2.02,2.94,-7,36.7,FALSE,FALSE,"CRESTON WPCC",538
"ECCC","1142164",2001,1,31,-1.73,-4.97,1.53,-13,28.3,FALSE,FALSE,"CRESTON WPCC",538
"ECCC","1142164",2001,2,28,-2.37,-6.61,1.88,-13.5,19.8,FALSE,FALSE,"CRESTON WPCC",538
"ECCC","1142164",2001,12,31,-3.45,-6.26,-0.61,-15.5,52.5,FALSE,FALSE,"CRESTON WPCC",538
"ECCC","1142164",2002,1,31,-1.43,-4.55,1.69,-15,52.9,FALSE,FALSE,"CRESTON WPCC",538
"ECCC","1142164",2002,2,28,-0.3,-4.45,3.84,-11,41,FALSE,FALSE,"CRESTON WPCC",538
"ECCC","1142164",2002,12,31,-2.51,-5.65,0.65,-15,92.2,FALSE,FALSE,"CRESTON WPCC",538
"ECCC","1142164",2003,1,31,-0.13,-2.73,2.47,-14,56.2,FALSE,FALSE,"CRESTON WPCC",538
"ECCC","1142164",2003,2,28,-0.23,-4.7,4.25,-11.5,18.7,FALSE,FALSE,"CRESTON WPCC",538
"ECCC","1142164",2003,12,31,1.27,-1.21,3.73,-7,125.5,FALSE,FALSE,"CRESTON WPCC",538
"ECCC","1142164",2004,1,31,-2.35,-5.02,0.31,-25.5,52.1,FALSE,FALSE,"CRESTON WPCC",538
"ECCC","1142164",2004,2,28,0.11,-3.8,4,-9.5,15.6,FALSE,FALSE,"CRESTON WPCC",538
"ECCC","1142164",2004,12,31,-2.89,-6.47,0.71,-14,62.5,FALSE,FALSE,"CRESTON WPCC",538
"ECCC","1142164",2005,1,31,-3.32,-6.39,-0.23,-20.5,39.1,FALSE,FALSE,"CRESTON WPCC",538
"ECCC","1142164",2005,2,28,0.2,-5.73,6.12,-9.5,8,FALSE,FALSE,"CRESTON WPCC",538
"ECCC","1142164",2005,12,31,0.9,-1.63,3.42,-7,53.1,FALSE,FALSE,"CRESTON WPCC",538
"ECCC","1142164",2006,1,31,1.61,-0.92,4.11,-6,117.4,FALSE,FALSE,"CRESTON WPCC",538
"ECCC","1142164",2006,2,28,-0.52,-4.91,3.86,-17,64.5,FALSE,FALSE,"CRESTON WPCC",538
"ECCC","1142164",2006,12,31,-3.41,-6.31,-0.48,-16,41.2,FALSE,FALSE,"CRESTON WPCC",538
"ECCC","1144635",1999,1,31,0.45,-2.06,2.95,-11,42.3,FALSE,FALSE,"LISTER",660
"ECCC","1144635",1999,2,28,1.55,-1.34,4.43,-5.5,36.1,FALSE,FALSE,"LISTER",660
"ECCC","1144635",1999,12,31,-1.9,-4.71,0.9,-19.5,91.4,FALSE,FALSE,"LISTER",660
"ECCC","1144635",2000,1,31,-2.3,-5.29,0.71,-11.5,57,FALSE,FALSE,"LISTER",660
"ECCC","1144635",2000,2,28,0.09,-3.48,3.66,-9,30.2,FALSE,FALSE,"LISTER",660
"ECCC","1144635",2000,12,31,-0.28,-2.89,2.34,-7.5,42,FALSE,FALSE,"LISTER",660
"ECCC","1144635",2001,1,31,-1.28,-3.52,1,-7.5,30.2,FALSE,FALSE,"LISTER",660
"ECCC","1144635",2001,2,28,-1.81,-5.34,1.75,-12.5,18.6,FALSE,FALSE,"LISTER",660
"ECCC","1144635",2001,12,31,-3.4,-5.81,-0.97,-14,40.5,FALSE,FALSE,"LISTER",660
"ECCC","1144635",2002,1,31,-0.84,-3.73,1.92,-12,48.9,FALSE,FALSE,"LISTER",660
"ECCC","1144635",2002,2,28,-0.52,-4.29,3.25,-14,62.7,FALSE,FALSE,"LISTER",660
"ECCC","1144635",2002,12,31,-1.87,-4.69,0.95,-11.5,60.2,FALSE,FALSE,"LISTER",660
"ECCC","1144635",2003,1,31,-0.18,-2.84,2.5,-13,64.8,FALSE,FALSE,"LISTER",660
"ECCC","1144635",2003,2,28,-0.2,-4.18,3.79,-13,14.1,FALSE,FALSE,"LISTER",660
"ECCC","1144635",2003,12,31,0.54,-1.73,2.79,-7,105.8,FALSE,FALSE,"LISTER",660
"ECCC","1144635",2004,1,31,-2.48,-5.08,0.11,-26.5,55.3,FALSE,FALSE,"LISTER",660
"ECCC","1144635",2004,2,28,0.04,-3.52,3.59,-10,20.4,FALSE,FALSE,"LISTER",660
"ECCC","1144635",2004,12,31,-2.42,-5.35,0.52,-13,72.8,FALSE,FALSE,"LISTER",660
"ECCC","1144635",2005,1,31,-3.61,-6.77,-0.44,-20.5,59.5,FALSE,FALSE,"LISTER",660
"ECCC","1144635",2005,2,28,0.44,-4.86,5.75,-10,6,FALSE,FALSE,"LISTER",660
"ECCC","1144635",2005,12,31,0.5,-1.66,2.66,-8,50.7,FALSE,FALSE,"LISTER",660
"ECCC","1144635",2006,1,31,1.51,-0.74,3.76,-5,114.7,FALSE,FALSE,"LISTER",660
"ECCC","1144635",2006,2,28,-1.12,-5.34,3.09,-19.5,54,FALSE,FALSE,"LISTER",660
"ECCC","1144635",2006,12,31,-4.12,-7.34,-0.87,-17,64.1,FALSE,FALSE,"LISTER",660
"ECCC","1144635",2007,1,31,-3.85,-6.71,-0.97,-17,42.1,FALSE,FALSE,"LISTER",660
"ECCC","1144635",2007,2,28,0.52,-2.23,3.27,-9.5,42.3,FALSE,FALSE,"LISTER",660
"ECCC","1144635",2007,12,31,-2.42,-5.32,0.52,-13,50.7,FALSE,FALSE,"LISTER",660
"ECCC","1144635",2008,1,31,-4.29,-7.56,-1,-19,60.4,FALSE,FALSE,"LISTER",660
"ECCC","1144635",2008,2,28,-0.01,-3.54,3.52,-9.5,25.9,FALSE,FALSE,"LISTER",660
"ECCC","1144635",2008,12,31,-2.17,-5.03,0.69,-11,100.1,FALSE,FALSE,"LISTER",660
"ECCC","1144635",2009,1,31,-3.73,-7.44,0,-18,60.7,FALSE,FALSE,"LISTER",660
"ECCC","1144635",2009,2,28,-1.7,-5.2,1.84,-9,20.8,FALSE,FALSE,"LISTER",660
"ECCC","1144635",2009,12,28,-6.29,-9.45,-3.07,-22.5,84.1,FALSE,FALSE,"LISTER",660
"ECCC","1144635",2010,1,31,-0.21,-2.59,2.15,-14.5,38.6,FALSE,FALSE,"LISTER",660
"ECCC","1144635",2010,2,27,2.73,-0.53,5.94,-6,17,FALSE,FALSE,"LISTER",660
"ECCC","1144635",2010,12,31,-5.23,-8.16,-2.27,-19.5,59.5,FALSE,FALSE,"LISTER",660
"ECCC","1144635",2011,1,31,-2.01,-4.89,0.89,-18,70,FALSE,FALSE,"LISTER",660
"ECCC","1144635",2011,2,27,-3.39,-7.52,0.76,-24,54.6,FALSE,FALSE,"LISTER",660
"ECCC","1144635",2011,12,31,-2.46,-5.47,0.55,-18.5,50.6,FALSE,FALSE,"LISTER",660
"ECCC","1144635",2012,1,31,-1.12,-4.52,2.29,-11,56.7,FALSE,FALSE,"LISTER",660
"ECCC","1144635",2012,2,28,-0.16,-3.46,3.12,-12.5,29.8,FALSE,FALSE,"LISTER",660
"ECCC","1144635",2012,12,31,-1.1,-4.15,1.96,-10.5,31.8,FALSE,FALSE,"LISTER",660
"ECCC","1144635",2013,1,31,-2.49,-5.39,0.44,-12,17,FALSE,FALSE,"LISTER",660
"ECCC","1144635",2013,2,28,1.54,-1.75,4.82,-5,11.5,FALSE,FALSE,"LISTER",660
"ECCC","1144635",2013,12,31,-0.31,-2.48,1.87,-7.5,99.5,FALSE,FALSE,"LISTER",660
"ECCC","1144635",2014,1,31,-0.45,-2.95,2.06,-10.5,49.7,FALSE,FALSE,"LISTER",660
"ECCC","1144635",2014,2,28,-4.17,-8.41,0.11,-22.5,46.3,FALSE,FALSE,"LISTER",660
"ECCC","1144635",2014,12,31,-3.54,-6.48,-0.58,-21.5,29,FALSE,FALSE,"LISTER",660
"ECCC","1144635",2015,1,31,-1.23,-3.81,1.39,-13.5,57.3,FALSE,FALSE,"LISTER",660
"ECCC","1144635",2015,2,28,2.76,-1.11,6.64,-7.5,53.8,FALSE,FALSE,"LISTER",660
"ECCC","1144635",2015,12,31,-0.82,-3.49,1.83,-18,65.4,FALSE,FALSE,"LISTER",660
"ECCC","1145M29",1999,1,31,0.55,-1.43,2.51,-7.7,0,FALSE,FALSE,"NELSON CS",534.9
"ECCC","1145M29",1999,2,28,0.98,-1.49,3.41,-6.5,74.8,FALSE,FALSE,"NELSON CS",534.9
"ECCC","1145M29",1999,12,31,-1.8,-3.71,0.11,-16.2,84.2,FALSE,FALSE,"NELSON CS",534.9
"ECCC","1145M29",2000,1,31,-1.57,-3.65,0.55,-9.9,0,FALSE,FALSE,"NELSON CS",534.9
"ECCC","1145M29",2000,2,28,0.99,-2.17,4.12,-7.3,56,FALSE,FALSE,"NELSON CS",534.9
"ECCC","1145M29",2000,12,31,0.3,-1.31,1.9,-5.5,0,FALSE,FALSE,"NELSON CS",534.9
"ECCC","1145M29",2001,1,31,-0.64,-2.73,1.45,-8.9,0,FALSE,FALSE,"NELSON CS",534.9
"ECCC","1145M29",2001,2,28,-0.49,-4.22,3.24,-10.8,0,FALSE,FALSE,"NELSON CS",534.9
"ECCC","1145M29",2001,12,31,-2.42,-4.36,-0.48,-12.9,2.8,FALSE,FALSE,"NELSON CS",534.9
"ECCC","1145M29",2002,1,31,-0.41,-2.6,1.77,-8.9,0,FALSE,FALSE,"NELSON CS",534.9
"ECCC","1145M29",2002,2,28,0.9,-2.61,4.4,-9.6,72.4,FALSE,FALSE,"NELSON CS",534.9
"ECCC","1145M29",2002,12,31,-0.86,-2.75,1.03,-6.3,0,FALSE,FALSE,"NELSON CS",534.9
"ECCC","1145M29",2003,1,31,0.93,-0.91,2.76,-5.4,0,FALSE,FALSE,"NELSON CS",534.9
"ECCC","1145M29",2003,2,28,1.62,-2.58,5.78,-9.2,39.4,FALSE,FALSE,"NELSON CS",534.9
"ECCC","1145M29",2003,12,31,1.73,0.02,3.41,-5.1,125.8,FALSE,FALSE,"NELSON CS",534.9
"ECCC","1145M29",2004,1,30,-0.52,-2.98,1.39,-19.8,81.2,FALSE,FALSE,"NELSON CS",534.9
"ECCC","1145M29",2004,2,28,1.64,-2.03,5.3,-6.3,32.4,FALSE,FALSE,"NELSON CS",534.9
"ECCC","1145M29",2004,12,31,-0.68,-3.05,1.68,-9.8,79.6,FALSE,FALSE,"NELSON CS",534.9
"ECCC","1145M29",2005,1,31,-1.95,-4.14,0.23,-18.9,69,FALSE,FALSE,"NELSON CS",534.9
"ECCC","1145M29",2005,2,28,1.33,-3.82,6.46,-8.6,11,FALSE,FALSE,"NELSON CS",534.9
"ECCC","1145M29",2005,12,31,1.21,-0.5,2.9,-6.6,117.8,FALSE,FALSE,"NELSON CS",534.9
"ECCC","1145M29",2006,1,31,2.1,0.51,3.64,-3.3,0,FALSE,FALSE,"NELSON CS",534.9
"ECCC","1145M29",2006,2,28,0.02,-3.94,3.97,-13.3,0,FALSE,FALSE,"NELSON CS",534.9
"ECCC","1145M29",2006,12,31,-1.6,-3.43,0.23,-10.8,0,FALSE,FALSE,"NELSON CS",534.9
"ECCC","1145M29",2007,1,31,-2.48,-5.06,0.11,-14.5,0,FALSE,FALSE,"NELSON CS",534.9
"ECCC","1145M29",2007,2,28,1.74,-0.78,4.24,-7.1,0,FALSE,FALSE,"NELSON CS",534.9
"ECCC","1145M29",2007,12,28,-0.58,-2.55,1.4,-10,0,FALSE,FALSE,"NELSON CS",534.9
"ECCC","1145M29",2008,1,31,-2.4,-5.18,0.39,-13.7,0,FALSE,FALSE,"NELSON CS",534.9
"ECCC","1145M29",2008,2,28,1.43,-2.01,4.85,-7.5,0,FALSE,FALSE,"NELSON CS",534.9
"ECCC","1145M29",2008,12,31,-1.34,-3.39,0.74,-8.5,0,FALSE,FALSE,"NELSON CS",534.9
"ECCC","1145M29",2009,1,26,-0.82,-2.84,1.18,-14.7,0,FALSE,FALSE,"NELSON CS",534.9
"ECCC","1145M29",2009,2,28,0.72,-2.33,3.75,-6.3,0,FALSE,FALSE,"NELSON CS",534.9
"ECCC","1145M29",2009,12,30,-3.88,-5.97,-1.72,-15.3,0,FALSE,FALSE,"NELSON CS",534.9
"ECCC","1145M29",2010,1,31,1.11,-0.8,2.99,-6.9,0,FALSE,FALSE,"NELSON CS",534.9
"ECCC","1145M29",2010,2,28,3.74,0.23,7.19,-4.5,0,FALSE,FALSE,"NELSON CS",534.9
"ECCC","1145M29",2010,12,31,-3.61,-5.91,-1.28,-15.4,0,FALSE,FALSE,"NELSON CS",534.9
"ECCC","1145M29",2011,1,31,-1.24,-3.45,0.97,-12.3,0,FALSE,FALSE,"NELSON CS",534.9
"ECCC","1145M29",2011,2,28,-1.82,-5.44,1.81,-15.6,0,FALSE,FALSE,"NELSON CS",534.9
"ECCC","1145M29",2011,12,31,-0.2,-1.75,1.48,-8.7,0,FALSE,FALSE,"NELSON CS",534.9
"ECCC","1145M29",2012,1,31,-1.43,-3.91,1.07,-10.3,0,FALSE,FALSE,"NELSON CS",534.9
"ECCC","1145M29",2012,2,28,0.61,-2.6,3.79,-10,0,FALSE,FALSE,"NELSON CS",534.9
"ECCC","1145M29",2012,12,31,-0.77,-3.36,1.82,-8.5,0,FALSE,FALSE,"NELSON CS",534.9
"ECCC","1145M29",2013,1,31,-1.34,-3.47,0.82,-9.4,39.4,FALSE,FALSE,"NELSON CS",534.9
"ECCC","1145M29",2013,2,28,2.26,-1.05,5.51,-5.4,22.7,FALSE,FALSE,"NELSON CS",534.9
"ECCC","1145M29",2013,12,31,0.64,-0.98,2.25,-6.2,82.5,FALSE,FALSE,"NELSON CS",534.9
"ECCC","1145M29",2014,1,31,0.4,-1.92,2.69,-9.8,49.2,FALSE,FALSE,"NELSON CS",534.9
"ECCC","1145M29",2014,2,28,-2.49,-6.56,1.6,-15,36.8,FALSE,FALSE,"NELSON CS",534.9
"ECCC","1145M29",2014,12,31,-2.51,-4.74,-0.27,-16,60.9,FALSE,FALSE,"NELSON CS",534.9
"ECCC","1145M29",2015,1,31,0.27,-1.94,2.47,-9.2,58.8,FALSE,FALSE,"NELSON CS",534.9
"ECCC","1145M29",2015,2,28,3.58,-0.09,7.19,-4.8,62.9,FALSE,FALSE,"NELSON CS",534.9
"ECCC","1145M29",2015,12,31,0.17,-1.99,2.31,-13,70.6,FALSE,FALSE,"NELSON CS",534.9
"ECCC","1145442",1999,1,31,1.04,-1.18,3.24,-7.5,101.6,FALSE,FALSE,"NELSON NE",570
"ECCC","1145442",1999,2,28,1.3,-1.23,3.82,-5,105.8,FALSE,FALSE,"NELSON NE",570
"ECCC","1145442",1999,12,31,-1.1,-3.23,1.05,-15,165.4,FALSE,FALSE,"NELSON NE",570
"ECCC","1145442",2000,1,31,-0.92,-3.24,1.4,-8,115,FALSE,FALSE,"NELSON NE",570
"ECCC","1145442",2000,2,28,1.29,-1.61,4.16,-6,74.4,FALSE,FALSE,"NELSON NE",570
"ECCC","1145442",2000,12,31,0.8,-0.9,2.47,-5.5,105.4,FALSE,FALSE,"NELSON NE",570
"ECCC","1145442",2001,1,31,-0.11,-2.26,2.03,-8,27.8,FALSE,FALSE,"NELSON NE",570
"ECCC","1145442",2001,2,28,-0.33,-3.75,3.09,-10,24.6,FALSE,FALSE,"NELSON NE",570
"ECCC","1145442",2001,12,31,-1.76,-3.84,0.32,-13,77.4,FALSE,FALSE,"NELSON NE",570
"ECCC","1145442",2002,1,31,-0.34,-2.79,2.1,-9,133.6,FALSE,FALSE,"NELSON NE",570
"ECCC","1145442",2002,2,26,0.82,-2.67,4.2,-9.5,85.2,FALSE,FALSE,"NELSON NE",570
"ECCC","1145442",2002,12,31,-0.65,-2.77,1.47,-6.5,109.2,FALSE,FALSE,"NELSON NE",570
"ECCC","1145442",2003,1,31,0.86,-1.29,3,-5.5,110.2,FALSE,FALSE,"NELSON NE",570
"ECCC","1145442",2003,2,28,1.42,-2.45,5.25,-9.5,42,FALSE,FALSE,"NELSON NE",570
"ECCC","1145442",2003,12,31,1.62,-0.26,3.47,-5.5,139.6,FALSE,FALSE,"NELSON NE",570
"ECCC","1145442",2004,1,31,-1.43,-3.53,0.65,-19.5,117.8,FALSE,FALSE,"NELSON NE",570
"ECCC","1145442",2004,2,27,1.2,-2.48,4.67,-7,31.2,FALSE,FALSE,"NELSON NE",570
"ECCC","1145442",2004,12,31,-0.79,-3.34,1.76,-11,88.2,FALSE,FALSE,"NELSON NE",570
"ECCC","1145442",2005,1,31,-2.4,-4.81,0.02,-18.5,86.2,FALSE,FALSE,"NELSON NE",570
"ECCC","1145442",2005,2,28,0.71,-4.23,5.66,-8.5,12.4,FALSE,FALSE,"NELSON NE",570
"ECCC","1145442",2005,12,31,1.07,-0.89,3.02,-7,128.8,FALSE,FALSE,"NELSON NE",570
"ECCC","1145442",2006,1,31,1.87,0.23,3.45,-3.5,147.2,FALSE,FALSE,"NELSON NE",570
"ECCC","1145442",2006,2,28,-0.02,-3.66,3.62,-13,67.2,FALSE,FALSE,"NELSON NE",570
"ECCC","1145442",2006,12,31,-1.46,-3.4,0.53,-10,81.6,FALSE,FALSE,"NELSON NE",570
"ECCC","1145442",2007,1,30,-2.16,-4.78,0.5,-13,109.4,FALSE,FALSE,"NELSON NE",570
"ECCC","1145442",2007,2,28,1.61,-1.21,4.41,-8.5,99.2,FALSE,FALSE,"NELSON NE",570
"ECCC","1145442",2007,12,31,-0.59,-2.84,1.66,-9.5,92.5,FALSE,FALSE,"NELSON NE",570
"ECCC","1145442",2008,1,31,-2.24,-4.98,0.53,-13.5,136.2,FALSE,FALSE,"NELSON NE",570
"ECCC","1145442",2008,2,28,1.25,-2.16,4.64,-10,54.8,FALSE,FALSE,"NELSON NE",570
"ECCC","1145442",2008,12,30,-1.08,-3.42,1.27,-10,166.2,FALSE,FALSE,"NELSON NE",570
"ECCC","1145442",2009,1,31,-1.38,-3.77,1.03,-16,122,FALSE,FALSE,"NELSON NE",570
"ECCC","1145442",2009,2,28,0.9,-2.43,4.2,-6,31.6,FALSE,FALSE,"NELSON NE",570
"ECCC","1145442",2009,12,31,-3.5,-6.1,-0.89,-15.5,117.8,FALSE,FALSE,"NELSON NE",570
"ECCC","1145442",2010,1,30,0.54,-1.62,2.68,-8,65.9,FALSE,FALSE,"NELSON NE",570
"ECCC","1145442",2010,2,28,3.3,-0.04,6.57,-4.5,24.8,FALSE,FALSE,"NELSON NE",570
"ECCC","1145442",2010,12,30,-3.65,-5.7,-1.58,-14.5,62,FALSE,FALSE,"NELSON NE",570
"ECCC","1145442",2011,1,29,-0.75,-3.31,1.83,-11.5,137.8,FALSE,FALSE,"NELSON NE",570
"ECCC","1145442",2011,2,23,-1.24,-4.89,2.39,-16,66.6,FALSE,FALSE,"NELSON NE",570
"ECCC","1145442",2011,12,28,-0.19,-2.18,1.8,-8,66.4,FALSE,FALSE,"NELSON NE",570
"ECCC","1145442",2012,1,31,-1.14,-4.11,1.84,-11,109.4,FALSE,FALSE,"NELSON NE",570
"ECCC","1145442",2012,2,27,0.65,-2.65,3.94,-10.5,66.6,FALSE,FALSE,"NELSON NE",570
"ECCC","1145442",2012,12,30,-0.35,-3.37,2.67,-8,69.4,FALSE,FALSE,"NELSON NE",570
"ECCC","1145442",2013,1,31,-0.74,-3.06,1.58,-10,51.8,FALSE,FALSE,"NELSON NE",570
"ECCC","1145442",2013,2,22,2.64,-0.23,5.45,-4,30.4,FALSE,FALSE,"NELSON NE",570
"ECCC","1145442",2013,12,31,0.83,-0.89,2.53,-6.5,86.6,FALSE,FALSE,"NELSON NE",570
"ECCC","1145442",2014,1,31,0.85,-1.39,3.06,-9,75.6,FALSE,FALSE,"NELSON NE",570
"ECCC","1145442",2014,2,28,-2.78,-7.07,1.54,-40,54.4,FALSE,FALSE,"NELSON NE",570
"ECCC","1145442",2014,12,31,-1.94,-4.24,0.35,-15.5,73.2,FALSE,FALSE,"NELSON NE",570
"ECCC","1145442",2015,1,29,0.39,-2.1,2.88,-8.5,73,FALSE,FALSE,"NELSON NE",570
"ECCC","1145442",2015,2,28,3.44,-0.23,7.05,-4.5,92.4,FALSE,FALSE,"NELSON NE",570
"ECCC","1145442",2015,12,29,0.76,-1.45,2.97,-10,92.4,FALSE,FALSE,"NELSON NE",570
"ECCC","114EMDM",1999,1,31,-1.78,-5,1.47,-13,109.6,FALSE,FALSE,"NELSON RIXEN CREEK",760
"ECCC","114EMDM",1999,2,28,-1.29,-5.11,2.55,-9.5,138.4,FALSE,FALSE,"NELSON RIXEN CREEK",760
"ECCC","114EMDM",1999,12,31,-4.21,-7.5,-0.89,-22.5,198,FALSE,FALSE,"NELSON RIXEN CREEK",760
"ECCC","114EMDM",2000,1,31,-4.06,-7.81,-0.4,-13.5,121,FALSE,FALSE,"NELSON RIXEN CREEK",760
"ECCC","114EMDM",2000,2,28,-0.56,-4.36,3.25,-11.5,81,FALSE,FALSE,"NELSON RIXEN CREEK",760
"ECCC","114EMDM",2000,12,31,-2.59,-5.44,0.31,-10.5,131.2,FALSE,FALSE,"NELSON RIXEN CREEK",760
"ECCC","114EMDM",2001,1,31,-2.16,-4.63,0.35,-10,52.4,FALSE,FALSE,"NELSON RIXEN CREEK",760
"ECCC","114EMDM",2001,2,28,-1.94,-6.02,2.16,-14,29.4,FALSE,FALSE,"NELSON RIXEN CREEK",760
"ECCC","114EMDM",2001,12,31,-4.02,-6.68,-1.32,-17,89.8,FALSE,FALSE,"NELSON RIXEN CREEK",760
"ECCC","114EMDM",2002,1,31,-2.14,-4.97,0.65,-11.5,132.6,FALSE,FALSE,"NELSON RIXEN CREEK",760
"ECCC","114EMDM",2002,2,28,-1.04,-5.25,3.18,-13.5,95.4,FALSE,FALSE,"NELSON RIXEN CREEK",760
"ECCC","114EMDM",2002,12,31,-3.07,-5.65,-0.45,-9.5,110.4,FALSE,FALSE,"NELSON RIXEN CREEK",760
"ECCC","114EMDM",2003,1,31,-1.36,-3.61,0.9,-9,134.4,FALSE,FALSE,"NELSON RIXEN CREEK",760
"ECCC","114EMDM",2003,2,28,-0.66,-5.29,3.98,-14.5,31,FALSE,FALSE,"NELSON RIXEN CREEK",760
"ECCC","114EMDM",2003,12,30,-0.56,-2.58,1.47,-8,136.6,FALSE,FALSE,"NELSON RIXEN CREEK",760
"ECCC","114EMDM",2004,1,31,-3.51,-6.15,-0.85,-23.5,133,FALSE,FALSE,"NELSON RIXEN CREEK",760
"ECCC","114EMDM",2004,2,28,-0.62,-4.86,3.61,-10.5,34,FALSE,FALSE,"NELSON RIXEN CREEK",760
"ECCC","114EMDM",2004,12,31,-2.89,-5.95,0.19,-13.5,93.6,FALSE,FALSE,"NELSON RIXEN CREEK",760
"ECCC","114EMDM",2005,1,31,-4.4,-7.47,-1.31,-23,90,FALSE,FALSE,"NELSON RIXEN CREEK",760
"ECCC","114EMDM",2005,2,28,-0.81,-6.38,4.77,-12,11.6,FALSE,FALSE,"NELSON RIXEN CREEK",760
"ECCC","114EMDM",2005,12,31,-1.27,-3.74,1.24,-10,155.3,FALSE,FALSE,"NELSON RIXEN CREEK",760
"ECCC","114EMDM",2006,1,28,0.21,-1.66,2.05,-6,189.7,FALSE,FALSE,"NELSON RIXEN CREEK",760
"ECCC","114EMDM",2006,2,28,-2.05,-6.27,2.18,-18.5,69.4,FALSE,FALSE,"NELSON RIXEN CREEK",760
"ECCC","114EMDM",2006,12,28,-4.21,-6.64,-1.52,-13.5,71.8,FALSE,FALSE,"NELSON RIXEN CREEK",760
"ECCC","114EMDM",2007,1,31,-4.45,-7.42,-1.44,-18,126.2,FALSE,FALSE,"NELSON RIXEN CREEK",760
"ECCC","114EMDM",2007,2,28,0.14,-2.64,2.93,-11,73.8,FALSE,FALSE,"NELSON RIXEN CREEK",760
"ECCC","114EMDM",2007,12,31,-2.61,-5.05,-0.15,-11.5,106.6,FALSE,FALSE,"NELSON RIXEN CREEK",760
"ECCC","114EMDM",2008,1,29,-4.37,-7.52,-1.17,-16,120.6,FALSE,FALSE,"NELSON RIXEN CREEK",760
"ECCC","114EMDM",2008,2,27,-0.24,-3.94,3.48,-11.5,75.4,FALSE,FALSE,"NELSON RIXEN CREEK",760
"ECCC","114EMDM",2008,12,31,-3.32,-5.85,-0.74,-11.5,142.6,FALSE,FALSE,"NELSON RIXEN CREEK",760
"ECCC","114EMDM",2009,1,31,-3.81,-6.55,-1.03,-18,117.8,FALSE,FALSE,"NELSON RIXEN CREEK",760
"ECCC","114EMDM",2009,2,28,-1.23,-4.82,2.41,-8.5,41,FALSE,FALSE,"NELSON RIXEN CREEK",760
"ECCC","114EMDM",2009,12,31,-5.93,-8.6,-3.21,-19.5,112.4,FALSE,FALSE,"NELSON RIXEN CREEK",760
"ECCC","114EMDM",2010,1,31,-0.73,-2.81,1.37,-12.5,99,FALSE,FALSE,"NELSON RIXEN CREEK",760
"ECCC","114EMDM",2010,2,28,2.07,-1.16,5.27,-6,31,FALSE,FALSE,"NELSON RIXEN CREEK",760
"ECCC","114EMDM",2010,12,31,-5.81,-8.39,-3.19,-18,71.8,FALSE,FALSE,"NELSON RIXEN CREEK",760
"ECCC","114EMDM",2011,1,30,-2.97,-5.7,-0.25,-17,121,FALSE,FALSE,"NELSON RIXEN CREEK",760
"ECCC","114EMDM",2011,2,28,-3.74,-7.73,0.29,-20.5,61.6,FALSE,FALSE,"NELSON RIXEN CREEK",760
"ECCC","114EMDM",2011,12,30,-2.11,-4.5,0.28,-11.5,77.7,FALSE,FALSE,"NELSON RIXEN CREEK",760
"ECCC","114EMDM",2012,1,31,-3.11,-6.11,-0.06,-14,86.6,FALSE,FALSE,"NELSON RIXEN CREEK",760
"ECCC","114EMDM",2012,2,27,-0.78,-4.13,2.57,-13.5,74.8,FALSE,FALSE,"NELSON RIXEN CREEK",760
"ECCC","114EMDM",2012,12,28,-2.22,-5.38,0.96,-10.5,68,FALSE,FALSE,"NELSON RIXEN CREEK",760
"ECCC","114EMDM",2013,1,31,-3.43,-5.89,-0.94,-12.5,70.8,FALSE,FALSE,"NELSON RIXEN CREEK",760
"ECCC","114EMDM",2013,2,28,0.51,-2.73,3.73,-6.5,59.8,FALSE,FALSE,"NELSON RIXEN CREEK",760
"ECCC","114EMDM",2013,12,31,-1.37,-3.18,0.47,-10,125.2,FALSE,FALSE,"NELSON RIXEN CREEK",760
"ECCC","114EMDM",2014,1,29,-1.62,-4.05,0.84,-12,74.2,FALSE,FALSE,"NELSON RIXEN CREEK",760
"ECCC","114EMDM",2014,2,27,-4.6,-9.02,-0.17,-19.5,69.6,FALSE,FALSE,"NELSON RIXEN CREEK",760
"ECCC","114EMDM",2014,12,31,-4.6,-7.13,-2.05,-19.5,75.2,FALSE,FALSE,"NELSON RIXEN CREEK",760
"ECCC","114EMDM",2015,1,31,-1.74,-4.08,0.6,-13.5,81.8,FALSE,FALSE,"NELSON RIXEN CREEK",760
"ECCC","114EMDM",2015,2,28,2.08,-1.68,5.8,-6,89.2,FALSE,FALSE,"NELSON RIXEN CREEK",760
"ECCC","114EMDM",2015,12,31,-2.23,-4.48,0.03,-16,91.8,FALSE,FALSE,"NELSON RIXEN CREEK",760
"ECCC","114Q3C9",2000,1,31,-2.01,-4.87,0.87,-12,105.9,FALSE,FALSE,"PASSMORE",503
"ECCC","114Q3C9",2000,2,28,0.48,-2.95,3.89,-11,66.7,FALSE,FALSE,"PASSMORE",503
"ECCC","114Q3C9",2000,12,31,-0.22,-1.92,1.48,-6.5,107.9,FALSE,FALSE,"PASSMORE",503
"ECCC","114Q3C9",2001,1,31,-1.23,-3.5,1.06,-9,24.6,FALSE,FALSE,"PASSMORE",503
"ECCC","114Q3C9",2001,2,28,-0.96,-5.18,3.27,-14,13,FALSE,FALSE,"PASSMORE",503
"ECCC","114Q3C9",2001,12,31,-3.43,-5.85,-0.97,-15.5,61.8,FALSE,FALSE,"PASSMORE",503
"ECCC","114Q3C9",2002,1,31,-1.09,-3.87,1.69,-10,67.1,FALSE,FALSE,"PASSMORE",503
"ECCC","114Q3C9",2002,2,28,-0.26,-4.27,3.73,-13,64.4,FALSE,FALSE,"PASSMORE",503
"ECCC","114Q3C9",2002,12,31,-2.04,-4.35,0.29,-9,129.5,FALSE,FALSE,"PASSMORE",503
"ECCC","114Q3C9",2003,1,31,-0.24,-2.13,1.68,-8,107.1,FALSE,FALSE,"PASSMORE",503
"ECCC","114Q3C9",2003,2,28,0.09,-4.55,4.73,-12,26.9,FALSE,FALSE,"PASSMORE",503
"ECCC","114Q3C9",2003,12,20,1.94,0.43,3.4,-2.5,121.1,FALSE,FALSE,"PASSMORE",503
"ECCC","114Q3C9",2004,1,7,-12.39,-15.36,-9.36,-21.5,1.6,FALSE,TRUE,"PASSMORE",503
"ECCC","114Q3C9",2004,2,26,0.66,-3.19,4.52,-9.5,30.1,FALSE,FALSE,"PASSMORE",503
"ECCC","114Q3C9",2004,12,31,-2.56,-5.27,0.19,-17,77.8,FALSE,FALSE,"PASSMORE",503
"ECCC","1146870",2000,1,19,-4.96,-7.21,-2.2,-13,86,FALSE,TRUE,"ROSSLAND CITY YARD",1039
"ECCC","1146870",2000,2,18,-1.09,-5,2.27,-10.5,33,FALSE,TRUE,"ROSSLAND CITY YARD",1039
"ECCC","1146870",2000,12,17,-3.22,-5.53,-0.5,-10,71.4,FALSE,TRUE,"ROSSLAND CITY YARD",1039
"ECCC","1147620",1999,1,20,0.62,-3,3.62,-12.5,71.4,FALSE,FALSE,"SOUTH SLOCAN",457.2
"ECCC","1147620",1999,2,19,1.34,-2.21,4.68,-6,74,FALSE,TRUE,"SOUTH SLOCAN",457.2
"ECCC","1147620",1999,12,21,-2.06,-5.9,1.19,-21.5,31.2,FALSE,FALSE,"SOUTH SLOCAN",457.2
"ECCC","1147620",2000,1,20,-3.31,-6.4,0.57,-12.5,77.8,FALSE,FALSE,"SOUTH SLOCAN",457.2
"ECCC","1147620",2000,2,19,1.23,-3.76,4.86,-9.5,46.4,FALSE,TRUE,"SOUTH SLOCAN",457.2
"ECCC","1147620",2000,12,21,0.28,-1.79,1.96,-7,96.8,FALSE,FALSE,"SOUTH SLOCAN",457.2
"ECCC","1147620",2001,1,22,-2.02,-5.14,1.3,-11.5,27.9,FALSE,FALSE,"SOUTH SLOCAN",457.2
"ECCC","1147620",2001,2,23,-1.26,-6.48,4.11,-14.5,18.8,FALSE,FALSE,"SOUTH SLOCAN",457.2
"ECCC","1147620",2001,12,19,-3.56,-6.92,-0.65,-16,21,FALSE,TRUE,"SOUTH SLOCAN",457.2
"ECCC","1147620",2002,1,18,-1.79,-4.97,1.69,-11,31,FALSE,TRUE,"SOUTH SLOCAN",457.2
"ECCC","1147620",2002,2,16,-0.51,-5.53,4.18,-11,55,FALSE,TRUE,"SOUTH SLOCAN",457.2
"ECCC","1147620",2002,12,15,-2.34,-4.87,0.33,-9,52,FALSE,TRUE,"SOUTH SLOCAN",457.2
"ECCC","1147620",2003,1,26,0.51,-1.63,2.45,-7,62,FALSE,FALSE,"SOUTH SLOCAN",457.2
"ECCC","1147620",2003,2,23,0.89,-4.22,6.03,-11,17.2,FALSE,FALSE,"SOUTH SLOCAN",457.2
"ECCC","1147620",2003,12,20,1.39,-0.77,3.13,-6.5,56,FALSE,FALSE,"SOUTH SLOCAN",457.2
"ECCC","1147620",2004,1,22,-2.16,-4.43,0.53,-23,136.8,FALSE,FALSE,"SOUTH SLOCAN",457.2
"ECCC","1147620",2004,2,20,0.91,-3.98,5.5,-8.5,20.4,FALSE,FALSE,"SOUTH SLOCAN",457.2
"ECCC","1147620",2004,12,21,-2.93,-6.48,1.25,-15,40,FALSE,FALSE,"SOUTH SLOCAN",457.2
"ECCC","1147620",2005,1,26,-3.83,-6.44,-0.59,-24,65.8,FALSE,FALSE,"SOUTH SLOCAN",457.2
"ECCC","1147620",2005,2,24,-0.07,-6.23,6.08,-10,11.4,FALSE,FALSE,"SOUTH SLOCAN",457.2
"ECCC","1147620",2005,12,21,0.09,-2.05,2.33,-7.5,74.6,FALSE,FALSE,"SOUTH SLOCAN",457.2
"ECCC","1147620",2006,1,26,1.89,-0.08,3.76,-4,135.2,FALSE,FALSE,"SOUTH SLOCAN",457.2
"ECCC","1147620",2006,2,23,-0.31,-5.5,4.34,-15,45.6,FALSE,FALSE,"SOUTH SLOCAN",457.2
"ECCC","1147620",2006,12,23,-2.48,-5.85,0.67,-14.5,57.9,FALSE,FALSE,"SOUTH SLOCAN",457.2
"ECCC","1147620",2007,1,26,-3.34,-6.52,0.07,-18,86.2,FALSE,FALSE,"SOUTH SLOCAN",457.2
"ECCC","1147620",2007,2,23,1.38,-2.02,4.53,-11,37.1,FALSE,FALSE,"SOUTH SLOCAN",457.2
"ECCC","1147620",2007,12,23,-0.9,-4.48,1.97,-12,34.6,FALSE,FALSE,"SOUTH SLOCAN",457.2
"ECCC","1147620",2008,1,22,-5.24,-9.25,-0.75,-18,95.2,FALSE,FALSE,"SOUTH SLOCAN",457.2
"ECCC","1147620",2008,2,20,0.21,-4.72,5.25,-13,31,FALSE,FALSE,"SOUTH SLOCAN",457.2
"ECCC","1147620",2008,12,16,-0.64,-3.88,2.23,-10.5,45.6,FALSE,TRUE,"SOUTH SLOCAN",457.2
"ECCC","1147620",2009,12,18,-4.36,-8.11,-0.5,-20,8.5,FALSE,TRUE,"SOUTH SLOCAN",457.2
"ECCC","1148700",1999,1,31,0.35,-2.02,2.71,-10,87.6,FALSE,FALSE,"WARFIELD",605.6
"ECCC","1148700",1999,2,28,1.34,-1.7,4.34,-5.5,122.3,FALSE,FALSE,"WARFIELD",605.6
"ECCC","1148700",1999,12,31,-2.48,-4.79,-0.15,-19.5,164.7,FALSE,FALSE,"WARFIELD",605.6
"ECCC","1148700",2000,1,31,-1.85,-4.08,0.4,-12,110.3,FALSE,FALSE,"WARFIELD",605.6
"ECCC","1148700",2000,2,28,0.89,-2.07,3.82,-8.5,65.7,FALSE,FALSE,"WARFIELD",605.6
"ECCC","1148700",2000,12,31,-0.27,-1.81,1.27,-7,108.4,FALSE,FALSE,"WARFIELD",605.6
"ECCC","1148700",2001,1,31,-0.92,-2.63,0.79,-8.5,30.4,FALSE,FALSE,"WARFIELD",605.6
"ECCC","1148700",2001,2,28,-0.79,-4.39,2.84,-12.5,23.8,FALSE,FALSE,"WARFIELD",605.6
"ECCC","1148700",2001,12,31,-3.07,-5.23,-0.9,-14,54.3,FALSE,FALSE,"WARFIELD",605.6
"ECCC","1148700",2002,1,31,-1.09,-3.37,1.19,-11,71.3,FALSE,FALSE,"WARFIELD",605.6
"ECCC","1148700",2002,2,28,0.16,-3.32,3.62,-11,46.7,FALSE,FALSE,"WARFIELD",605.6
"ECCC","1148700",2002,12,31,-1.17,-3.16,0.85,-8.5,114.6,FALSE,FALSE,"WARFIELD",605.6
"ECCC","1148700",2003,12,31,1.22,-0.24,2.65,-5,149.4,FALSE,FALSE,"WARFIELD",605.6
"ECCC","1148705",2002,1,31,-1.47,-3.79,0.86,-11.2,0,FALSE,FALSE,"WARFIELD RCS",566.9
"ECCC","1148705",2002,2,28,-0.26,-3.88,3.36,-10.9,0,FALSE,FALSE,"WARFIELD RCS",566.9
"ECCC","1148705",2002,12,31,-1.92,-3.95,0.14,-8.3,0,FALSE,FALSE,"WARFIELD RCS",566.9
"ECCC","1148705",2003,1,31,-0.34,-1.79,1.13,-8.3,0,FALSE,FALSE,"WARFIELD RCS",566.9
"ECCC","1148705",2003,2,28,0.4,-3.41,4.21,-10.7,0,FALSE,FALSE,"WARFIELD RCS",566.9
"ECCC","1148705",2003,12,31,0.66,-0.7,2.02,-5.2,0,FALSE,FALSE,"WARFIELD RCS",566.9
"ECCC","1148705",2004,1,31,-2.94,-5.02,-0.85,-25.1,0,FALSE,FALSE,"WARFIELD RCS",566.9
"ECCC","1148705",2004,2,28,0.36,-2.48,3.19,-6.7,0,FALSE,FALSE,"WARFIELD RCS",566.9
"ECCC","1148705",2004,12,31,-2.02,-3.94,-0.07,-14.3,0,FALSE,FALSE,"WARFIELD RCS",566.9
"ECCC","1148705",2005,1,31,NA,-5.44,NA,-21.2,0,FALSE,FALSE,"WARFIELD RCS",566.9
"ECCC","1148705",2005,2,28,NA,-4.38,NA,-9.3,0,FALSE,FALSE,"WARFIELD RCS",566.9
"ECCC","1148705",2005,12,31,NA,-1.84,NA,-7.9,0,FALSE,FALSE,"WARFIELD RCS",566.9
"ECCC","1148705",2006,1,31,NA,-0.47,NA,-4.6,0,FALSE,FALSE,"WARFIELD RCS",566.9
"ECCC","1148705",2006,2,28,NA,-4.84,NA,-16.6,0,FALSE,FALSE,"WARFIELD RCS",566.9
"ECCC","1148705",2006,12,31,-4.65,-6.1,-2.25,-15.3,0,FALSE,FALSE,"WARFIELD RCS",566.9
"ECCC","1148705",2007,1,31,NA,-6.57,NA,-18.8,81.3,FALSE,FALSE,"WARFIELD RCS",566.9
"ECCC","1148705",2007,2,28,-0.85,-1.72,2.75,-8,60.1,FALSE,FALSE,"WARFIELD RCS",566.9
"ECCC","1148705",2007,12,31,NA,-4.73,NA,-11.7,69.5,FALSE,FALSE,"WARFIELD RCS",566.9
"ECCC","1148705",2008,1,31,NA,-7.08,NA,-15.8,150.6,FALSE,FALSE,"WARFIELD RCS",566.9
"ECCC","1148705",2008,2,28,NA,-2.47,NA,-7.7,42.9,FALSE,FALSE,"WARFIELD RCS",566.9
"ECCC","1148705",2008,12,31,NA,-4.12,NA,-9.7,139,FALSE,FALSE,"WARFIELD RCS",566.9
"ECCC","1148705",2009,1,31,NA,-5.55,NA,-18.8,146.1,FALSE,FALSE,"WARFIELD RCS",566.9
"ECCC","1148705",2009,2,27,NA,-3.65,NA,-8.4,54,FALSE,FALSE,"WARFIELD RCS",566.9
"ECCC","1148705",2009,12,31,NA,-7.57,NA,-20,131.8,FALSE,FALSE,"WARFIELD RCS",566.9
"ECCC","1148705",2010,1,31,-0.03,-1.75,1.68,-11.3,73.3,FALSE,FALSE,"WARFIELD RCS",566.9
"ECCC","1148705",2010,2,28,3.06,-0.05,6.12,-5.3,50.5,FALSE,FALSE,"WARFIELD RCS",566.9
"ECCC","1148705",2010,12,31,-5.13,-7.57,-2.64,-16.6,86,FALSE,FALSE,"WARFIELD RCS",566.9
"ECCC","1148705",2011,1,31,-2.87,-5.22,-0.52,-16.5,104.6,FALSE,FALSE,"WARFIELD RCS",566.9
"ECCC","1148705",2011,2,28,-3.38,-6.82,0.4,-20.6,0,FALSE,FALSE,"WARFIELD RCS",566.9
"ECCC","1148705",2011,12,31,-1.97,-3.74,-0.03,-16,95.8,FALSE,FALSE,"WARFIELD RCS",566.9
"ECCC","1148705",2012,1,31,-3.02,-5.75,-0.27,-12.1,50.9,FALSE,FALSE,"WARFIELD RCS",566.9
"ECCC","1148705",2012,2,28,-0.59,-3.5,2.31,-12.6,51.2,FALSE,FALSE,"WARFIELD RCS",566.9
"ECCC","1148705",2012,12,31,-2.59,-5.42,0.28,-11.6,51.7,FALSE,FALSE,"WARFIELD RCS",566.9
"ECCC","1148705",2013,1,31,-3.21,-5.09,-1.22,-13.1,34.7,FALSE,FALSE,"WARFIELD RCS",566.9
"ECCC","1148705",2013,2,28,1.15,-1.71,4,-5.4,35.5,FALSE,FALSE,"WARFIELD RCS",566.9
"ECCC","1148705",2013,12,31,-0.15,-1.54,1.27,-7.3,114.9,FALSE,FALSE,"WARFIELD RCS",566.9
"ECCC","1148705",2014,2,3,-1.73,-5.8,2.4,-8.2,0,FALSE,TRUE,"WARFIELD RCS",566.9
"ECCC","1148705",2014,12,10,-8.2,-10.43,-5.92,-17.7,29,FALSE,TRUE,"WARFIELD RCS",566.9
"ECCC","1148705",2015,1,30,-1.16,-3.01,0.72,-11.9,95.9,FALSE,FALSE,"WARFIELD RCS",566.9
"ECCC","1148705",2015,2,27,3.3,-0.53,7.09,-6.4,130.3,FALSE,FALSE,"WARFIELD RCS",566.9
"ECCC","1148705",2015,12,31,-1.16,-3.12,0.81,-14.6,104.5,FALSE,FALSE,"WARFIELD RCS",566.9
