key,year,status,title,stage2_include,exclude_reason,wind_predictor,wind_mentions,host_terms_present,terrain_terms,n_pages,grain_m,extent,full_text_checked,original_filename
,,unverified,Aukema 2006 Landscape level analysis of mountain pine beetle in British Columbia Canada,no,not a spatial model of bark beetle attack,,,,,,not extracted,not extracted,no,Aukema 2006 Landscape level analysis of mountain pine beetle in British Columbia Canada.pdf
,,unverified,https:/publications.gc.ca/collections/collection_2025/rncan-nrcan/Fo123-2-39-2025-eng,no,"review, report or management document",,,,,,not extracted,not extracted,no,"Brett et al 2025 A history of mountain pine beetle outbreaks in Alberta and Saskatchewan, 1940–2007 (Information Report GLC-X-38). Natural Resources Canada, Canadian Forest Service, Great Lakes Forestry Centre.pdf"
,,unverified,https:/www.researchgate.net/profile/Allan-Carroll-2/publication/254868994_The_bionomics_of_the_mountain_pine_beetle_in_lodgepole_pine_forests_Establishing_a_context/links/625892631c096a380d047247/The-bionomics-of-the-mountain-pine-beetle-in-lodgepole-pine-forests-Establishing-a-context,no,not a spatial model of bark beetle attack,,,,,,not extracted,not extracted,no,Carroll & Safranyik 2003 The bionomics of the mountain pine beetle in lodgepole pine forests.pdf
,,unverified,unnamed document,no,"review, report or management document",,,,,,not extracted,not extracted,no,"Carroll et al 2006 Direct control- Theory and practice. In L. Safranyik & B. Wilson (Eds.), The mountain pine beetle- A synthesis of its biology, management and impacts on lodgepole pine.pdf"
,,unverified,MPBEP_2017_07_ Control Efficacy report_0,no,"review, report or management document",,,,,,not extracted,not extracted,no,Carroll et al 2017 Assessing the effectiveness of Alberta MPB management plan.pdf
,,unverified,Safranyik & Wilson 2006 Biology of MPB in BC Synthesis and Review,no,"review, report or management document",,,,,,not extracted,not extracted,no,Safranyik & Wilson 2006 Biology of MPB in BC Synthesis and Review.pdf
,,unverified,Shore 2006 Effects of the Mountain Pine Beetle on,no,not a spatial model of bark beetle attack,,,,,,not extracted,not extracted,no,Shore 2006 Effects of the Mountain Pine Beetle on.pdf
,,unverified,mccambridge1971 Temperature Limits of Flight of the the mountain pine beetle,no,"mechanism or physiology, not a spatial model of attack",,,,,,not extracted,not extracted,no,mccambridge1971 Temperature Limits of Flight of the the mountain pine beetle.pdf
,,unverified,Talucci 2019 Beetle Outbreaks and Wildfires - Drivers of Fire Severity Recruitment and Structural Legacies for Sub-boreal Forests in British Columbia,no,"post-disturbance response, attack not the response variable",,,,,,not extracted,not extracted,no,Talucci 2019 Beetle Outbreaks and Wildfires - Drivers of Fire Severity Recruitment and Structural Legacies for Sub-boreal Forests in British Columbia.pdf
,,unverified,Talucci 2019 Thesis Beetle Fire and  lodgepole pine patterns1),no,not a spatial model of bark beetle attack,,,,,,not extracted,not extracted,no,Talucci 2019 Thesis Beetle Fire and  lodgepole pine patterns1).pdf
,,unverified,Zabihi 2021 Predicting multi-species bark beetle Coleoptera Curculionidae Scolytinae occurrence in Alaska,yes,,no,1,yes,yes,19,not extracted,not extracted,yes,Zabihi 2021 Predicting multi-species bark beetle Coleoptera Curculionidae Scolytinae occurrence in Alaska.pdf
,,unverified,MPB-proceedings-Book.indb,no,"review, report or management document",,,,,,not extracted,not extracted,no,Taylor & Carrol 2003 Disturbance_Forest_Age_and_Mountain_Pine_Beetle_Ou - History of BC.pdf
,,unverified,ecap-22-06-20 1876..1891,no,not a spatial model of bark beetle attack,,,,,,not extracted,not extracted,no,Meddens et al 2012 Spatiotemporal patterns of observed bark beetle-caused tree in BC and NW America.pdf
,,unverified,https://ostr-backend-prod.azure.cloud.nrcan-rncan.gc.ca/server/api/core/bitstreams/22d66fa1-f2e7-49cd-a848-3eeac0a5b1d4/content,no,not a spatial model of bark beetle attack,,,,,,not extracted,not extracted,no,Carroll 2009 Forecasting mountain pine beetle-overwintering mortality in a variable environment.pdf
,,unverified,https://pubs.cif-ifc.org/doi/pdf/10.5558/tfc85032-1,no,"detection method, terrain not a predictor",,,,,,not extracted,not extracted,no,Wulder et al 2009 Challenges for the operational detection of mountain pine beetle green attack with remote sensing.pdf
gray1972emergence,1972,verified,"On the Emergence and Initial Flight Behaviour of the Mountain Pine Beetle, <i>Dendroctonus ponderosae</i>, in Eastern Washington<sup>1</sup>",no,"mechanism or physiology, not a spatial model of attack",,,,,,not extracted,not extracted,no,gray2009 On the Emergence and Initial Flight Behaviour of the Mountain pine beetle.pdf
mchugh2003bark,2003,verified,Bark Beetle Attacks on Ponderosa Pine Following Fire in Northern Arizona,no,not a spatial model of bark beetle attack,,,,,,not extracted,not extracted,no,Hugh et al 2003 Bark Beetle Attacks on Ponderosa Pine Following Fire in Northern Arizona.pdf
white2005detection,2005,verified,Detection of red attack stage mountain pine beetle infestation with high spatial resolution satellite imagery,no,"detection method, terrain not a predictor",,,,,,not extracted,not extracted,no,White et al Detection of red attack stage mountain pine beetle.pdf
jbmcintire2006structure,2006,verified,Structure and function of wildfire and mountain pine beetle forest boundaries,no,"post-disturbance response, attack not the response variable",,,,,,not extracted,not extracted,no,McIntire & Fortin 2006 Structure and function of wildfire and mountain pine beetle forest boundaries - transect sampling.pdf
wulder2006estimating,2006,verified,Estimating the probability of mountain pine beetle red-attack damage,yes,,no,0,yes,yes,17,not extracted,not extracted,yes,Wulder et al 2006 Estimating the probability of mountain pine beetle red-attack damage.pdf
haukema2008movement,2008,verified,Movement of outbreak populations of mountain pine beetle: influences of spatiotemporal patterns and climate,yes,,no,1,yes,yes,11,not extracted,not extracted,yes,Aukema 2007 Movement of outbreak populations of mountain pine beetle.pdf
maciasfauria2009large,2009,verified,"Large‐scale climatic patterns and area affected by mountain pine beetle in British Columbia, Canada",yes,,no,0,yes,yes,19,not extracted,not extracted,yes,Fauria & Johson 2009 Large-scale climatic patterns and area affected by mountain pine beetle in British Columbia.pdf
clark2010differences,2010,verified,"Differences in the constitutive terpene profile of lodgepole pine across a geographical range in British Columbia, and correlation with historical attack by mountain pine beetle",no,"mechanism or physiology, not a spatial model of attack",,,,,,not extracted,not extracted,no,Clark rt al 2010 Differences in the constitutive terpene profile of lodgepole pine across a geographical range in British Columbia and correlation with historical attack by MPB.pdf
larson2010patterns,2010,verified,"Patterns in whitebark pine regeneration and their relationships to biophysical site characteristics in southwest Montana, central Idaho, and Oregon, USA",no,"post-disturbance response, attack not the response variable",,,,,,not extracted,not extracted,no,Larson et al 2005 Whitebark pine and MPB.pdf
safranyik2010potential,2010,verified,Potential for range expansion of mountain pine beetle into the boreal forest of North America,no,"range or spread projection, not within-landscape attack",,,,,,not extracted,not extracted,no,Safranyik et 2012 Potential for Range Expansion of Mountain Pine Beetle into the Boreal Forest of North America.pdf
chen2011mountain,2011,verified,Mountain pine beetle dispersal: spatiotemporal patterns and role in the spread and expansion of the present outbreak,yes,,no,2,yes,yes,17,not extracted,not extracted,yes,Chen & Walton 2011 Mountain pine beetle dispersal.pdf
cullingham2011mountain,2011,verified,Mountain pine beetle host-range expansion threatens the boreal forest,no,"range or spread projection, not within-landscape attack",,,,,,not extracted,not extracted,no,Cullingham et al 2011 Mountain pine beetle host-range expansion threatens the boreal forest .pdf
meigs2011landsat,2011,verified,A Landsat time series approach to characterize bark beetle and defoliator impacts on tree mortality and surface fuels in conifer forests,no,"detection method, terrain not a predictor",,,,,,not extracted,not extracted,no,"Meigs et al 2011 A Landsat time series approach to characterize bark beetle and defoliator impacts on tree mortality and surface fuels in conifer forests : Remote Sensing of Environment, 2011.pdf"
work2011response,2011,verified,"Response of female beetles to LIDAR derived topographic variables in Eastern boreal mixedwood forests (Coleoptera, Carabidae)",no,not a bark beetle of conifer boles,,,,,,not extracted,not extracted,no,"Work et al 2011 Response of female beetles to LIDAR derived topographic variables in Eastern boreal mixedwood forests (Coleoptera, Carabidae).pdf"
chen2013spatiotempor,2013,verified,"A spatiotemporal pattern analysis of historical mountain pine beetle outbreaks in British Columbia, Canada",yes,,no,0,yes,yes,13,not extracted,not extracted,yes,Chen 2014 A spatiotemporal pattern analysis of historical mountain pine beetle outbreaks in British Columbia.pdf
lausch2013forecasting,2013,verified,Forecasting potential bark beetle outbreaks based on spruce forest vitality using hyperspectral remote-sensing techniques at different scales,no,"detection method, terrain not a predictor",,,,,,not extracted,not extracted,no,Lausch et al 2013 Forecasting potential bark beetle outbreaks based on spruce forest.pdf
meddens2013evaluating,2013,verified,Evaluating methods to detect bark beetle-caused tree mortality using single-date and multi-date Landsat imagery,no,not a spatial model of bark beetle attack,,,,,,not extracted,not extracted,no,Meddens et al 2012 Evaluating methods to detect bark beetle-caused tree mortality using single-date and multi-date Landsat imagery.pdf
walter2013multi,2013,verified,Multi-temporal analysis reveals that predictors of mountain pine beetle infestation change during outbreak cycles,yes,,no,0,yes,yes,11,not extracted,not extracted,yes,Walter J A & Platt R V 2013 Multi-temporal analysis of mountain pine beetle infestation change during outbreak cycles.pdf
janes2014mountain,2014,verified,How the Mountain Pine Beetle (Dendroctonus ponderosae) Breached the Canadian Rocky Mountains,no,not a spatial model of bark beetle attack,,,,,,not extracted,not extracted,no,Janes et al 2014 How the Mountain Pine Beetle (Dendroctonus ponderosae).pdf
meddens2014spatial,2014,verified,"Spatial and temporal patterns of Landsat-based detection of tree mortality caused by a mountain pine beetle outbreak in Colorado, USA",yes,,no,0,yes,yes,11,not extracted,not extracted,yes,Meddens & Hicke 2014 Spatial and temporal patterns of Landsat.pdf
powell2014phenology,2014,verified,Phenology and density-dependent dispersal predict patterns of mountain pine beetle (Dendroctonus ponderosae) impact,no,not a spatial model of bark beetle attack,,,,,,not extracted,not extracted,no,powell & bentz2014 Phenology and density-dependent dispersal predict patterns of mountain pine beetle (Dendroctonus ponderosae) impact .pdf
jarvis2015long,2015,verified,Long‐term history and synchrony of mountain pine beetle outbreaks in lodgepole pine forests,no,not a spatial model of bark beetle attack,,,,,,not extracted,not extracted,no,"Jarvis, D. S., & Kulakowski, D. (2015). Long-term history and synchrony of mountain pine beetle outbreaks in lodgepole pine forests.pdf"
stevensrumann2015bark,2015,verified,Bark beetles and wildfires: How does forest recovery change with repeated disturbances in mixed conifer forests?,no,"post-disturbance response, attack not the response variable",,,,,,not extracted,not extracted,no,Stevens -Rumann et al 2015 Bark beetles and wildfires - How does forest recovery change with repeated disturbances in mixed conifer forests.pdf
huber2016proteomics,2016,verified,"The Proteomics and Transcriptomics of Early Host Colonization and Overwintering Physiology in the Mountain Pine Beetle, Dendroctonus ponderosae Hopkins (Coleoptera: Curculionidae)",no,"mechanism or physiology, not a spatial model of attack",,,,,,not extracted,not extracted,no,"Huber et al 2016 The proteomics and transcriptomics of early host colonization and overwintering physiology in the mountain pine beetle, Dendroctonus ponderosae Hopkins.pdf"
lerch2016mountain,2016,verified,Mountain Pine Beetle Dynamics and Reproductive Success in Post-Fire Lodgepole and Ponderosa Pine Forests in Northeastern Utah,no,not a spatial model of bark beetle attack,,,,,,not extracted,not extracted,no,Lerch et al 2016 Mountain Pine Beetle Dynamics and Reproductive Success in Post-Fire Lodgepole and Ponderosa Pine Forests in Northeastern Utah.pdf
cooke2017predicting,2017,verified,Predicting the risk of mountain pine beetle spread to eastern pine forests: Considering uncertainty in uncertain times,no,"range or spread projection, not within-landscape attack",,,,,,not extracted,not extracted,no,Cooke & Carroll 2009 Predicting the risk of mountain pine beetle spread to eastern pine forests.pdf
sieg2017fires,2017,verified,Fires Following Bark Beetles: Factors Controlling Severity and Disturbance Interactions in Ponderosa Pine,no,not a spatial model of bark beetle attack,,,,,,not extracted,not extracted,no,Sieg et al 2017 Fires Following Bark Beetles.pdf
cartwright2018landscape,2018,verified,Landscape Topoedaphic Features Create Refugia from Drought and Insect Disturbance in a Lodgepole and Whitebark Pine Forest,yes,,no,3,yes,yes,35,not extracted,not extracted,yes,Cartright 2018 Landscape Topoedaphic Features Create Refugia from Drought and Insect Disturbance in a Lodgepole and Whitebark Pine Forest.pdf
pelz2018severity,2018,verified,Severity of Overstory Mortality Influences Conifer Recruitment and Growth in Mountain Pine Beetle-Affected Forests,no,"post-disturbance response, attack not the response variable",,,,,,not extracted,not extracted,no,Pelz et al 2018 Severity of Overstory Mortality Influences Conifer Recruitment and Growth in Mountain Pine Beetle-Affected Forests.pdf
woodward2018mapping,2018,verified,Mapping Progression and Severity of a Southern Colorado Spruce Beetle Outbreak Using Calibrated Image Composites,no,not a spatial model of bark beetle attack,,,,,,not extracted,not extracted,no,Woodward 2018 Mapping Progression and Severity of a Southern_Colorado Spruce Beetle Outbreak Using Calibrated_Image Composites.pdf
campbell2019resilience,2019,verified,Resilience of southern Yukon boreal forests to spruce beetle outbreaks,no,"range or spread projection, not within-landscape attack",,,,,,not extracted,not extracted,no,Campbell et al 2019 Glmnet - Resilience of southern Yukon boreal forests to spruce beetle outbreaks.pdf
jones2019factors,2019,verified,Factors influencing dispersal by flight in bark beetles (Coleoptera: Curculionidae: Scolytinae): from genes to landscapes,no,"mechanism or physiology, not a spatial model of attack",,,,,,not extracted,not extracted,no,Jones et al 2019 Factors-influencing-dispersal-by-flight-in-bark-beetles-(coleoptera-curculionidae-scolytinae).pdf
macquarrie2019predicted,2019,verified,The predicted effect of the polar vortex of 2019 on winter survival of emerald ash borer and mountain pine beetle,no,not a spatial model of bark beetle attack,,,,,,not extracted,not extracted,no,MacQuarrie et al 2019 the-predicted-effect-of-the-polar-vortex-of-2019-on-winter-survival-of-emerald-ash-borer-and.pdf
ray2019patterns,2019,verified,"Patterns of woodboring beetle activity following fires and bark beetle outbreaks in montane forests of California, USA",no,not a spatial model of bark beetle attack,,,,,,not extracted,not extracted,no,"Ray 2019 Patterns of woodboring beetle activity following fires and bark beetle outbreaks in montane forests of California, USA.pdf"
talucci2019dead,2019,verified,Dead forests burning: the influence of beetle outbreaks on fire severity and legacy structure in sub‐boreal forests,no,"post-disturbance response, attack not the response variable",,,,,,not extracted,not extracted,no,Talucci 2019 Dead forests burning - the inﬂuence of beetle outbreaks on ﬁreseverity and legacy structure in sub-boreal forests.pdf
talucci2019drivers,2019,verified,Drivers of lodgepole pine recruitment across a gradient of bark beetle outbreak and wildfire in British Columbia,no,"post-disturbance response, attack not the response variable",,,,,,not extracted,not extracted,no,Talucci et al 2019 Drivers of lodgepole pine recruitment across a gradient of bark beetle & wildfire in British Columbia.pdf
krawchuk2020disturbance,2020,verified,"Disturbance refugia within mosaics of forest fire, drought, and insect outbreaks",yes,,no,5,yes,yes,10,not extracted,not extracted,yes,Krawchuk 2020 Disturbance refugia within mosaics of forest fire  drought  and insect.pdf
vore2020climatic,2020,verified,"Climatic influences on forest fire and mountain pine beetle outbreaks and resulting runoff effects in large watersheds in British Columbia, Canada",no,not a spatial model of bark beetle attack,,,,,,not extracted,not extracted,no,Vore 2020 Climate and forest disturbances - good history of changing disturbance regimes in BC.pdf
huo2021early,2021,verified,"Early detection of forest stress from European spruce bark beetle attack, and a new vegetation index: Normalized distance red &amp; SWIR (NDRS)",no,"detection method, terrain not a predictor",,,,,,not extracted,not extracted,no,"Huo et al 2021 Early detection of forest stress from European spruce bark beetle attack, and a new vegetation index- Normalized distance red & SWIR (NDRS).pdf"
sambaraju2021mountain,2021,verified,Mountain pine beetle: an example of a climate-driven eruptive insect impacting conifer forest ecosystems,no,not a spatial model of bark beetle attack,,,,,,not extracted,not extracted,no,Sambaraju et al 2021 Mountain-pine-beetle-an-example-of-a-climate-driven-eruptive-insect-impacting-conifer-forest.pdf
ye2021detecting,2021,verified,Detecting subtle change from dense Landsat time series: Case studies of mountain pine beetle and spruce beetle disturbance,no,not a spatial model of bark beetle attack,,,,,,not extracted,not extracted,no,Ye et al 2021 Detecting subtle change from dense Landsat time series.pdf
howe2022numbers,2022,verified,Numbers matter: how irruptive bark beetles initiate transition to self-sustaining behavior during landscape-altering outbreaks,no,not a spatial model of bark beetle attack,,,,,,not extracted,not extracted,no,Howe et al 2022 Numbers matter- how irruptive bark beetles initiate transition to self-sustaining behavior during landscape-altering outbreaks.pdf
campbell2023remote,2023,verified,"Using Remote Sensing and Climate Data to Map the Extent and Severity of Balsam Woolly Adelgid Infestation in Northern Utah, USA",no,not a bark beetle of conifer boles,,,,,,not extracted,not extracted,no,Campbell et al 2023 Using Remote Sensing and Climate Data to Map the Extent and Severity of Balsam Woolly Adelgid Infestation in Northern Utah USA.pdf
cooke2024deduction,2024,verified,On the deduction and quantification of irruptive dynamics in mountain pine beetle population and proxy data,no,not a spatial model of bark beetle attack,,,,,,not extracted,not extracted,no,Cooke et al 2024 On the deduction and quantification of irruptive dynamics in mountain pine beetle.pdf
kautz2024early,2024,verified,Early detection of bark beetle (Ips typographus) infestations by remote sensing – A critical review of recent research,no,"detection method, terrain not a predictor",,,,,,not extracted,not extracted,no,Kautz et al 2024 Early detection of bark beetle Ips typographus infestations by remote sensing.pdf
zwieback2024severity,2024,verified,Low-severity spruce beetle infestation mapped from high-resolution satellite imagery with a convolutional network,no,"detection method, terrain not a predictor",,,,,,not extracted,not extracted,no,Zwieback 202 Low-severity spruce beetle infestation mapped from high-resolution satellite imagery with a convolutional network.pdf
garcia2025historical,2025,verified,Historical imagery reveals cliffs as refugia for biodiversity in steep mountains,no,not a spatial model of bark beetle attack,,,,,,not extracted,not extracted,no,Garcia 2026 Historical imagery reveals cliffs as refugia for biodiversity in steep mountains.pdf
johnson2025assessment,2025,verified,An assessment of Alberta's strategy for controlling mountain pine beetle outbreaks,no,"review, report or management document",,,,,,not extracted,not extracted,no,Johnson & Lewis 2025 An assessment of Alberta s strategy for controlling mountain pine beetle.pdf
krawchuk2025fire,2025,verified,"Fire refugia in forest ecosystems of the Pacific Northwest,
                    <scp>USA</scp>
                    : Science and applications for conservation, adaptation, and stewardship",no,not a spatial model of bark beetle attack,,,,,,not extracted,not extracted,no,Krawchuk et al 2025 Fire refugia in forest ecosystems of the Pacific Northwest.pdf
potterf2025hotter,2025,verified,Hotter drought increases population levels and accelerates phenology of the European spruce bark beetle Ips typographus,no,not a spatial model of bark beetle attack,,,,,,not extracted,not extracted,no,Potterf et al 2025 Hotter drought increases population levels and accelerates phenology of the European spruce bark beetle.pdf
frank2026disturbance,2026,verified,Disturbance type shapes initial community assembly patterns of early seral forest ground beetles in southwest Oregon,no,not a bark beetle of conifer boles,,,,,,not extracted,not extracted,no,James et al 2026 Disturbance regimes shifting in Oregon.pdf
johnson2026modeling,2026,verified,Modeling stratified dispersal in forest pests: A case study of the mountain pine beetle in Alberta,no,not a spatial model of bark beetle attack,,,,,,not extracted,not extracted,no,Johnson et al 2026 Modeling stratified dispersal in forest pests  A case study of the mountain pine beetle in.pdf
kichas2026mountain,2026,verified,Mountain Pine Beetle (Dendroctonus ponderosae) Outbreak Triggers Growth Release in Small Whitebark Pine (Pinus albicaulis),no,"post-disturbance response, attack not the response variable",,,,,,not extracted,not extracted,no,Kichas_Ecosystems_Whitebark_2026.pdf
murphy2026spatial,2026,verified,"Spatial patterns of conifer regeneration following Mountain pine beetle outbreak (Dendroctonus ponderosae) and mixed-severity wildfire: A point process model of disturbance interactions in the southern Selkirk Mountains, British Columbia",yes,,yes,35,yes,yes,15,not extracted,not extracted,yes,Murphy et al 2026 Spatial Patterns of Confier Regeneration Following Mixed Severity Fire and MPB Outbreaks in Selkirk Mountains.pdf
